UniProt ID,Gene,Species,Uniprot Domains,Ref Sequence,PDB IDs,Uniprot Domain Architecture,Interpro Domains,Interpro Domain Architecture
A6NKC9,SH2D7,Homo sapiens,SH2:51:142,MEDSLKQLSLGRDPEGAGDSQALAELQELALKWFMETQAPFILQNGALPPWFHGFITRKQTEQLLRDKALGSFLIRLSDRATGYILSYRGSDRCRHFVINQLRNRRYIISGDTQSHSTLAELVHHYQEAQLEPFKEMLTAACPRPEDNDLYDAITRGLHQTIVDPENPPATAFLTVVPDKAASPRSSPKPQVSFLHAQKSLDVSPRNLSQEESMEAPIRVSPLPEKSSSLLEESFGGPSDIIYADLRRMNQARLGLGTEGSGRHGPVPAGSQAYSPGREAQRRLSDGEQNRPDGLGPVLSGVSPDQGPTESPTSWGCSDAMGSLGATWRQEFPKLSQEAQPCSQGSSADIYEFIGTEGLLQEARDTPDQEGSTYEQIPACWGGPARAPHPGASPTYSPWVHGYKRISGTPELSEPGNTYEQIPATKSKETGRTHKPDKLRRLFFTYRKHKF,,SH2,SH2:IPR000980:49:142,SH2
O00459,PIK3R2,Homo sapiens,SH3:4:80;Rho-GAP:109:295;SH2 1:330:425;SH2 2:622:716,MAGPEGFQYRALYPFRRERPEDLELLPGDVLVVSRAALQALGVAEGGERCPQSVGWMPGLNERTRQRGDFPGTYVEFLGPVALARPGPRPRGPRPLPARPRDGAPEPGLTLPDLPEQFSPPDVAPPLLVKLVEAIERTGLDSESHYRPELPAPRTDWSLSDVDQWDTAALADGIKSFLLALPAPLVTPEASAEARRALREAAGPVGPALEPPTLPLHRALTLRFLLQHLGRVASRAPALGPAVRALGATFGPLLLRAPPPPSSPPPGGAPDGSEPSPDFPALLVEKLLQEHLEEQEVAPPALPPKPPKAKPASTVLANGGSPPSLQDAEWYWGDISREEVNEKLRDTPDGTFLVRDASSKIQGEYTLTLRKGGNNKLIKVFHRDGHYGFSEPLTFCSVVDLINHYRHESLAQYNAKLDTRLLYPVSKYQQDQIVKEDSVEAVGAQLKVYHQQYQDKSREYDQLYEEYTRTSQELQMKRTAIEAFNETIKIFEEQGQTQEKCSKEYLERFRREGNEKEMQRILLNSERLKSRIAEIHESRTKLEQQLRAQASDNREIDKRMNSLKPDLMQLRKIRDQYLVWLTQKGARQKKINEWLGIKNETEDQYALMEDEDDLPHHEERTWYVGKINRTQAEEMLSGKRDGTFLIRESSQRGCYACSVVVDGDTKHCVIYRTATGFGFAEPYNLYGSLKELVLHYQHASLVQHNDALTVTLAHPVRAPGPGPPPAAR,2KT1;2XS6;3MTT;3O5Z;6OX7;6U28;7RCH;7RNU,SH3|Rho-GAP|SH2 1|SH2 2,SH3_domain:IPR001452:4:80;RhoGAP_dom:IPR000198:109:295;SH2:IPR000980:328:425;SH2:IPR000980:620:716,SH3_domain|RhoGAP_dom|SH2|SH2
O14492,SH2B2,Homo sapiens,PH:193:306;SH2:417:515,MNGAGPGPAAAAPVPVPVPVPDWRQFCELHAQAAAVDFAHKFCRFLRDNPAYDTPDAGASFSRHFAANFLDVFGEEVRRVLVAGPTTRGAAVSAEAMEPELADTSALKAAPYGHSRSSEDVSTHAATKARVRKGFSLRNMSLCVVDGVRDMWHRRASPEPDAAAAPRTAEPRDKWTRRLRLSRTLAAKVELVDIQREGALRFMVADDAAAGSGGSAQWQKCRLLLRRAVAEERFRLEFFVPPKASRPKVSIPLSAIIEVRTTMPLEMPEKDNTFVLKVENGAEYILETIDSLQKHSWVADIQGCVDPGDSEEDTELSCTRGGCLASRVASCSCELLTDAVDLPRPPETTAVGAVVTAPHSRGRDAVRESLIHVPLETFLQTLESPGGSGSDSNNTGEQGAETDPEAEPELELSDYPWFHGTLSRVKAAQLVLAGGPRNHGLFVIRQSETRPGEYVLTFNFQGKAKHLRLSLNGHGQCHVQHLWFQSVLDMLRHFHTHPIPLESGGSADITLRSYVRAQDPPPEPGPTPPAAPASPACWSDSPGQHYFSSLAAAACPPASPSDAAGASSSSASSSSAASGPAPPRPVEGQLSARSRSNSAERLLEAVAATAAEEPPEAAPGRARAVENQYSFY,1Q2H,PH|SH2,Phe_ZIP:IPR015012:22:78;PH_domain:IPR001849:193:308;SH2:IPR000980:415:515,Phe_ZIP|PH_domain|SH2
O14508,SOCS2,Homo sapiens,SH2:48:156;SOCS box:151:197,MTLRCLEPSGNGGEGTRSQWGTAGSAEEPSPQAARLAKALRELGQTGWYWGSMTVNEAKEKLKEAPEGTFLIRDSSHSDYLLTISVKTSAGPTNLRIEYQDGKFRLDSIICVKSKLKQFDSVVHLIDYYVQMCKDKRTGPEAPRNGTVHLYLTKPLYTSAPSLQHLCRLTINKCTGAIWGLPLPTRLKDYLEEYKFQV,2C9W;4JGH;5BO4;6I4X;6I5J;6I5N;7M6T;7ZLM;7ZLN;7ZLO;7ZLP;7ZLR;7ZLS,SH2|SOCS box,SH2:IPR000980:46:156;SOCS_box:IPR001496:151:197,SH2|SOCS_box
O14512,SOCS7,Homo sapiens,SH2:400:509;SOCS box:504:554,MVFRNVGRPPEEEDVEAAPEPGPSELLCPRHRCALDPKALPPGLALERTWGPAAGLEAQLAALGLGQPAGPGVKTVGGGCCPCPCPPQPPPPQPQPPAAAPQAGEDPTETSDALLVLEGLESEAESLETNSCSEEELSSPGRGGGGGGRLLLQPPGPELPPVPFPLQDLVPLGRLSRGEQQQQQQQQPPPPPPPPGPLRPLAGPSRKGSFKIRLSRLFRTKSCNGGSGGGDGTGKRPSGELAASAASLTDMGGSAGRELDAGRKPKLTRTQSAFSPVSFSPLFTGETVSLVDVDISQRGLTSPHPPTPPPPPRRSLSLLDDISGTLPTSVLVAPMGSSLQSFPLPPPPPPHAPDAFPRIAPIRAAESLHSQPPQHLQCPLYRPDSSSFAASLRELEKCGWYWGPMNWEDAEMKLKGKPDGSFLVRDSSDPRYILSLSFRSQGITHHTRMEHYRGTFSLWCHPKFEDRCQSVVEFIKRAIMHSKNGKFLYFLRSRVPGLPPTPVQLLYPVSRFSNVKSLQHLCRFRIRQLVRIDHIPDLPLPKPLISYIRKFYYYDPQEEVYLSLKEAQLISKQKQEVEPST,,SH2|SOCS box,SH2:IPR000980:398:509;SOCS_box:IPR001496:504:554,SH2|SOCS_box
O14543,SOCS3,Homo sapiens,SH2:46:142;SOCS box:177:224,MVTHSKFPAAGMSRPLDTSLRLKTFSSKSEYQLVVNAVRKLQESGFYWSAVTGGEANLLLSAEPAGTFLIRDSSDQRHFFTLSVKTQSGTKNLRIQCEGGSFSLQSDPRSTQPVPRFDCVLKLVHHYMPPPGAPSFPSPPTEPSSEVPEQPSAQPLPGSPPRRAYYIYSGGEKIPLVLSRPLSSNVATLQHLCRKTVNGHLDSYEKVTQLPGPIREFLDQYDAPL,,SH2|SOCS box,SH2:IPR000980:44:133;SOCS_box:IPR001496:177:224,SH2|SOCS_box
O14544,SOCS6,Homo sapiens,SH2:384:491;SOCS box:486:535,MKKISLKTLRKSFNLNKSKEETDFMVVQQPSLASDFGKDDSLFGSCYGKDMASCDINGEDEKGGKNRSKSESLMGTLKRRLSAKQKSKGKAGTPSGSSADEDTFSSSSAPIVFKDVRAQRPIRSTSLRSHHYSPAPWPLRPTNSEETCIKMEVRVKALVHSSSPSPALNGVRKDFHDLQSETTCQEQANSLKSSASHNGDLHLHLDEHVPVVIGLMPQDYIQYTVPLDEGMYPLEGSRSYCLDSSSPMEVSAVPPQVGGRAFPEDESQVDQDLVVAPEIFVDQSVNGLLIGTTGVMLQSPRAGHDDVPPLSPLLPPMQNNQIQRNFSGLTGTEAHVAESMRCHLNFDPNSAPGVARVYDSVQSSGPMVVTSLTEELKKLAKQGWYWGPITRWEAEGKLANVPDGSFLVRDSSDDRYLLSLSFRSHGKTLHTRIEHSNGRFSFYEQPDVEGHTSIVDLIEHSIRDSENGAFCYSRSRLPGSATYPVRLTNPVSRFMQVRSLQYLCRFVIRQYTRIDLIQKLPLPNKMKDYLQEKHY,2VIF,SH2|SOCS box,SH2:IPR000980:382:491;SOCS_box:IPR001496:486:535,SH2|SOCS_box
O14796,SH2D1B,Homo sapiens,SH2:5:101,MDLPYYHGRLTKQDCETLLLKEGVDGNFLLRDSESIPGVLCLCVSFKNIVYTYRIFREKHGYYRIQTAEGSPKQVFPSLKELISKFEKPNQGMVVHLLKPIKRTSPSLRWRGLKLELETFVNSNSDYVDVLP,5KAZ,SH2,SH2:IPR000980:3:101,SH2
O15357,INPPL1,Homo sapiens,SH2:21:117;SAM:1196:1258,MASACGAPGPGGALGSQAPSWYHRDLSRAAAEELLARAGRDGSFLVRDSESVAGAFALCVLYQKHVHTYRILPDGEDFLAVQTSQGVPVRRFQTLGELIGLYAQPNQGLVCALLLPVEGEREPDPPDDRDASDGEDEKPPLPPRSGSTSISAPTGPSSPLPAPETPTAPAAESAPNGLSTVSHDYLKGSYGLDLEAVRGGASHLPHLTRTLATSCRRLHSEVDKVLSGLEILSKVFDQQSSPMVTRLLQQQNLPQTGEQELESLVLKLSVLKDFLSGIQKKALKALQDMSSTAPPAPQPSTRKAKTIPVQAFEVKLDVTLGDLTKIGKSQKFTLSVDVEGGRLVLLRRQRDSQEDWTTFTHDRIRQLIKSQRVQNKLGVVFEKEKDRTQRKDFIFVSARKREAFCQLLQLMKNKHSKQDEPDMISVFIGTWNMGSVPPPKNVTSWFTSKGLGKTLDEVTVTIPHDIYVFGTQENSVGDREWLDLLRGGLKELTDLDYRPIAMQSLWNIKVAVLVKPEHENRISHVSTSSVKTGIANTLGNKGAVGVSFMFNGTSFGFVNCHLTSGNEKTARRNQNYLDILRLLSLGDRQLNAFDISLRFTHLFWFGDLNYRLDMDIQEILNYISRKEFEPLLRVDQLNLEREKHKVFLRFSEEEISFPPTYRYERGSRDTYAWHKQKPTGVRTNVPSWCDRILWKSYPETHIICNSYGCTDDIVTSDHSPVFGTFEVGVTSQFISKKGLSKTSDQAYIEFESIEAIVKTASRTKFFIEFYSTCLEEYKKSFENDAQSSDNINFLKVQWSSRQLPTLKPILADIEYLQDQHLLLTVKSMDGYESYGECVVALKSMIGSTAQQFLTFLSHRGEETGNIRGSMKVRVPTERLGTRERLYEWISIDKDEAGAKSKAPSVSRGSQEPRSGSRKPAFTEASCPLSRLFEEPEKPPPTGRPPAPPRAAPREEPLTPRLKPEGAPEPEGVAAPPPKNSFNNPAYYVLEGVPHQLLPPEPPSPARAPVPSATKNKVAITVPAPQLGHHRHPRVGEGSSSDEESGGTLPPPDFPPPPLPDSAIFLPPSLDPLPGPVVRGRGGAEARGPPPPKAHPRPPLPPGPSPASTFLGEVASGDDRSCSVLQMAKTLSEVDYAPAGPARSALLPGPLELQPPRGLPSDYGRPLSFPPPRIRESIQEDLAEEAPCLQGGRASGLGEAGMSAWLRAIGLERYEEGLVHNGWDDLEFLSDITEEDLEEAGVQDPAHKRLLLDTLQLSK,2K4P;2KSO;2MK2;3NR8;4A9C;5OKM;5OKN;5OKO;5OKP;6SQU;6SRR,SH2|SAM,SH2:IPR000980:19:117;IPPc:IPR000300:422:735;SAM:IPR001660:1193:1258,SH2|IPPc|SAM
O15524,SOCS1,Homo sapiens,SH2:79:174;SOCS box:161:210,MVAHNQVAADNAVSTAAEPRRRPEPSSSSSSSPAAPARPRPCPAVPAPAPGDTHFRTFRSHADYRRITRASALLDACGFYWGPLSVHGAHERLRAEPVGTFLVRDSRQRNCFFALSVKMASGPTSIRVHFQAGRFHLDGSRESFDCLFELLEHYVAAPRRMLGAPLRQRRVRPLQELCRQRIVATVGRENLARIPLNPVLRDYLSSFPFQI,,SH2|SOCS box,SH2:IPR000980:77:174;SOCS_box:IPR001496:161:210,SH2|SOCS_box
O43639,NCK2,Homo sapiens,SH3 1:2:61;SH3 2:111:170;SH3 3:195:257;SH2:285:380,MTEEVIVIAKWDYTAQQDQELDIKKNERLWLLDDSKTWWRVRNAANRTGYVPSNYVERKNSLKKGSLVKNLKDTLGLGKTRRKTSARDASPTPSTDAEYPANGSGADRIYDLNIPAFVKFAYVAEREDELSLVKGSRVTVMEKCSDGWWRGSYNGQIGWFPSNYVLEEVDEAAAESPSFLSLRKGASLSNGQGSRVLHVVQTLYPFSSVTEEELNFEKGETMEVIEKPENDPEWWKCKNARGQVGLVPKNYVVVLSDGPALHPAHAPQISYTGPSSSGRFAGREWYYGNVTRHQAECALNERGVEGDFLIRDSESSPSDFSVSLKASGKNKHFKVQLVDNVYCIGQRRFHTMDELVEHYKKAPIFTSEHGEKLYLVRALQ,1U5S;1WX6;1Z3K;2B86;2CIA;2FRW;2FRY;2JXB;4E6R,SH3 1|SH3 2|SH3 3|SH2,SH3_domain:IPR001452:2:61;SH3_domain:IPR001452:111:170;SH3_domain:IPR001452:195:257;SH2:IPR000980:283:379,SH3_domain|SH3_domain|SH3_domain|SH2
O60674,JAK2,Homo sapiens,FERM:37:380;SH2 atypical:401:482;Protein kinase 1:545:809;Protein kinase 2:849:1124,MGMACLTMTEMEGTSTSSIYQNGDISGNANSMKQIDPVLQVYLYHSLGKSEADYLTFPSGEYVAEEICIAASKACGITPVYHNMFALMSETERIWYPPNHVFHIDESTRHNVLYRIRFYFPRWYCSGSNRAYRHGISRGAEAPLLDDFVMSYLFAQWRHDFVHGWIKVPVTHETQEECLGMAVLDMMRIAKENDQTPLAIYNSISYKTFLPKCIRAKIQDYHILTRKRIRYRFRRFIQQFSQCKATARNLKLKYLINLETLQSAFYTEKFEVKEPGSGPSGEEIFATIIITGNGGIQWSRGKHKESETLTEQDLQLYCDFPNIIDVSIKQANQEGSNESRVVTIHKQDGKNLEIELSSLREALSFVSLIDGYYRLTADAHHYLCKEVAPPAVLENIQSNCHGPISMDFAISKLKKAGNQTGLYVLRCSPKDFNKYFLTFAVERENVIEYKHCLITKNENEEYNLSGTKKNFSSLKDLLNCYQMETVRSDNIIFQFTKCCPPKPKDKSNLLVFRTNGVSDVPTSPTLQRPTHMNQMVFHKIRNEDLIFNESLGQGTFTKIFKGVRREVGDYGQLHETEVLLKVLDKAHRNYSESFFEAASMMSKLSHKHLVLNYGVCVCGDENILVQEFVKFGSLDTYLKKNKNCINILWKLEVAKQLAWAMHFLEENTLIHGNVCAKNILLIREEDRKTGNPPFIKLSDPGISITVLPKDILQERIPWVPPECIENPKNLNLATDKWSFGTTLWEICSGGDKPLSALDSQRKLQFYEDRHQLPAPKWAELANLINNCMDYEPDFRPSFRAIIRDLNSLFTPDYELLTENDMLPNMRIGALGFSGAFEDRDPTQFEERHLKFLQQLGKGNFGSVEMCRYDPLQDNTGEVVAVKKLQHSTEEHLRDFEREIEILKSLQHDNIVKYKGVCYSAGRRNLKLIMEYLPYGSLRDYLQKHKERIDHIKLLQYTSQICKGMEYLGTKRYIHRDLATRNILVENENRVKIGDFGLTKVLPQDKEYYKVKEPGESPIFWYAPESLTESKFSVASDVWSFGVVLYELFTYIEKSKSPPAEFMRMIGNDKQGQMIVFHLIELLKNNGRLPRPDGCPDEIYMIMTECWNNNVNQRPSFRDLALRVDQIRDNMAG,2B7A;2W1I;2XA4;3E62;3E63;3E64;3FUP;3IO7;3IOK;3JY9;3KCK;3KRR;3LPB;3Q32;3RVG;3TJC;3TJD;3UGC;3ZMM;4AQC;4BBE;4BBF;4C61;4C62;4D0W;4D0X;4D1S;4E4M;4E6D;4E6Q;4F08;4F09;4FVP;4FVQ;4FVR;4GFM;4GMY;4HGE;4IVA;4JI9;4JIA;4P7E;4YTC;4YTF;4YTH;4YTI;4Z32;4ZIM;5AEP;5CF4;5CF5;5CF6;5CF8;5HEZ;5I4N;5L3A;5TQ3;5TQ4;5TQ5;5TQ6;5TQ7;5TQ8;5USY;5USZ;5UT0;5UT1;5UT2;5UT3;5UT4;5UT5;5UT6;5WEV;5WIJ;5WIK;5WIL;5WIM;5WIN;6AAJ;6BBV;6BRW;6BS0;6BSS;6D2I;6DRW;6E2P;6E2Q;6G3C;6M9H;6OAV;6OBB;6OBF;6OBL;6OCC;6TPD;6VGL;6VN8;6VNB;6VNC;6VNE;6VNF;6VNG;6VNH;6VNI;6VNJ;6VNK;6VNL;6VNM;6VS3;6VSN;6WTN;6WTO;6WTP;6WTQ;6X8E;6XJK;7F7W;7JYO;7JYQ;7LL4;7LL5;7Q7I;7Q7K;7Q7L;7Q7W;7REE;7RN6;7T0P;7T1T;7TEU;7UYW;8B8N;8B8U;8B99;8B9E;8B9H;8BA2;8BA3;8BA4;8BAB;8BAK;8BM2;8BPV;8BPW;8BX6;8BX9;8BXC;8BXH;8C08;8C09;8C0A;8CZ9;8EX0;8EX1;8EX2;8EXK;8EYA;8EYB;8F88;8G6Z;8G8O;8G8X,FERM|SH2 atypical|Protein kinase 1|Protein kinase 2,FERM_domain:IPR000299:37:380;SH2:IPR000980:397:487;Prot_kinase_dom:IPR000719:545:809;Prot_kinase_dom:IPR000719:849:1126,FERM_domain|SH2|Prot_kinase_dom|Prot_kinase_dom
O60880,SH2D1A,Homo sapiens,SH2:6:104,MDAVAVYHGKISRETGEKLLLATGLDGSYLLRDSESVPGVYCLCVLYHGYIYTYRVSQTETGSWSAETAPGVHKRYFRKIKNLISAFQKPDQGIVIPLQYPVEKKSSARSTQGTTGIREDPDVCLKAP,1D1Z;1D4T;1D4W;1KA6;1KA7;1M27,SH2,SH2:IPR000980:4:102,SH2
O75159,SOCS5,Homo sapiens,SH2:381:476;SOCS box:471:520,MDKVGKMWNNFKYRCQNLFGHEGGSRSENVDMNSNRCLSVKEKNISIGDSTPQQQSSPLRENIALQLGLSPSKNSSRRNQNCATEIPQIVEISIEKDNDSCVTPGTRLARRDSYSRHAPWGGKKKHSCSTKTQSSLDADKKFGRTRSGLQRRERRYGVSSVHDMDSVSSRTVGSRSLRQRLQDTVGLCFPMRTYSKQSKPLFSNKRKIHLSELMLEKCPFPAGSDLAQKWHLIKQHTAPVSPHSTFFDTFDPSLVSTEDEEDRLRERRRLSIEEGVDPPPNAQIHTFEATAQVNPLYKLGPKLAPGMTEISGDSSAIPQANCDSEEDTTTLCLQSRRQKQRQISGDSHTHVSRQGAWKVHTQIDYIHCLVPDLLQITGNPCYWGVMDRYEAEALLEGKPEGTFLLRDSAQEDYLFSVSFRRYNRSLHARIEQWNHNFSFDAHDPCVFHSSTVTGLLEHYKDPSSCMFFEPLLTISLNRTFPFSLQYICRAVICRCTTYDGIDGLPLPSMLQDFLKEYHYKQKVRVRWLEREPVKAK,,SH2|SOCS box,SOCS4/SOCS5_dom:IPR022252:147:195;SH2:IPR000980:379:476;SOCS_box:IPR001496:471:520,SOCS4/SOCS5_dom|SH2|SOCS_box
O75791,GRAP2,Homo sapiens,SH3 1:1:56;SH2:58:149;SH3 2:271:330,MEAVAKFDFTASGEDELSFHTGDVLKILSNQEEWFKAELGSQEGYVPKNFIDIQFPKWFHEGLSRHQAENLLMGKEVGFFIIRASQSSPGDFSISVRHEDDVQHFKVMRDNKGNYFLWTEKFPSLNKLVDYYRTNSISRQKQIFLRDRTREDQGHRGNSLDRRSQGGPHLSGAVGEEIRPSMNRKLSDHPPTLPLQQHQHQPQPPQYAPAPQQLQQPPQQRYLQHHHFHQERRGGSLDINDGHCGTGLGSEMNAALMHRRHTDPVQLQAAGRVRWARALYDFEALEDDELGFHSGEVVEVLDSSNPSWWTGRLHNKLGLFPANYVAPMTR,5GJH,SH3 1|SH2|SH3 2,SH3_domain:IPR001452:1:56;SH2:IPR000980:56:149;SH3_domain:IPR001452:271:330,SH3_domain|SH2|SH3_domain
O75815,BCAR3,Homo sapiens,SH2:154:253;Ras-GEF:548:818,MAAGKFASLPRNMPVNHQFPLASSMDLLSSRSPLAEHRPDAYQDVSIHGTLPRKKKGPPPIRSCDDFSHMGTLPHSKSPRQNSPVTQDGIQESPWQDRHGETFTFRDPHLLDPTVEYVKFSKERHIMDRTPEKLKKELEEELLLSSEDLRSHAWYHGRIPRQVSENLVQRDGDFLVRDSLSSPGNFVLTCQWKNLAQHFKINRTVLRLSEAYSRVQYQFEMESFDSIPGLVRCYVGNRRPISQQSGAIIFQPINRTVPLRCLEEHYGTSPGQAREGSLTKGRPDVAKRLSLTMGGVQAREQNLPRGNLLRNKEKSGSQPACLDHMQDRRALSLKAHQSESYLPIGCKLPPQSSGVDTSPCPNSPVFRTGSEPALSPAVVRRVSSDARAGEALRGSDSQLCPKPPPKPCKVPFLKVPSSPSAWLNSEANYCELNPAFATGCGRGAKLPSCAQGSHTELLTAKQNEAPGPRNSGVNYLILDDDDRERPWEPAAAQMEKGQWDKGEFVTPLLETVSSFRPNEFESKFLPPENKPLETAMLKRAKELFTNNDPKVIAQHVLSMDCRVARILGVSEEMRRNMGVSSGLELITLPHGHQLRLDIIERHNTMAIGIAVDILGCTGTLEDRAATLSKIIQVAVELKDSMGDLYSFSALMKALEMPQITRLEKTWTALRHQYTQTAILYEKQLKPFSKLLHEGRESTCVPPNNVSVPLLMPLVTLMERQAVTFEGTDMWEKNDQSCEIMLNHLATARFMAEAADSYRMNAERILAGFQPDEEMNEICKTEFQMRLLWGSKGAQVNQTERYEKFNQILTALSRKLEPPPVKQAEL,3T6A,SH2|Ras-GEF,SH2:IPR000980:152:253;RASGEF_cat_dom:IPR001895:544:819,SH2|RASGEF_cat_dom
P00519,ABL1,Homo sapiens,SH3:61:121;SH2:127:217;Protein kinase:242:493,MLEICLKLVGCKSKKGLSSSSSCYLEEALQRPVASDFEPQGLSEAARWNSKENLLAGPSENDPNLFVALYDFVASGDNTLSITKGEKLRVLGYNHNGEWCEAQTKNGQGWVPSNYITPVNSLEKHSWYHGPVSRNAAEYLLSSGINGSFLVRESESSPGQRSISLRYEGRVYHYRINTASDGKLYVSSESRFNTLAELVHHHSTVADGLITTLHYPAPKRNKPTVYGVSPNYDKWEMERTDITMKHKLGGGQYGEVYEGVWKKYSLTVAVKTLKEDTMEVEEFLKEAAVMKEIKHPNLVQLLGVCTREPPFYIITEFMTYGNLLDYLRECNRQEVNAVVLLYMATQISSAMEYLEKKNFIHRDLAARNCLVGENHLVKVADFGLSRLMTGDTYTAHAGAKFPIKWTAPESLAYNKFSIKSDVWAFGVLLWEIATYGMSPYPGIDLSQVYELLEKDYRMERPEGCPEKVYELMRACWQWNPSDRPSFAEIHQAFETMFQESSISDEVEKELGKQGVRGAVSTLLQAPELPTKTRTSRRAAEHRDTTDVPEMPHSKGQGESDPLDHEPAVSPLLPRKERGPPEGGLNEDERLLPKDKKTNLFSALIKKKKKTAPTPPKRSSSFREMDGQPERRGAGEEEGRDISNGALAFTPLDTADPAKSPKPSNGAGVPNGALRESGGSGFRSPHLWKKSSTLTSSRLATGEEEGGGSSSKRFLRSCSASCVPHGAKDTEWRSVTLPRDLQSTGRQFDSSTFGGHKSEKPALPRKRAGENRSDQVTRGTVTPPPRLVKKNEEAADEVFKDIMESSPGSSPPNLTPKPLRRQVTVAPASGLPHKEEAGKGSALGTPAAAEPVTPTSKAGSGAPGGTSKGPAEESRVRRHKHSSESPGRDKGKLSRLKPAPPPPPAASAGKAGGKPSQSPSQEAAGEAVLGAKTKATSLVDAVNSDAAKPSQPGEGLKKPVLPATPKPQSAKPSGTPISPAPVPSTLPSASSALAGDQPSSTAFIPLISTRVSLRKTRQPPERIASGAITKGVVLDSTEALCLAISRNSEQMASHSAVLEAGKNLYTFCVSYVDSIQQMRNKFAFREAINKLENNLRELQICPATAGSGPAATQDFSKLLSSVKEISDIVQR,1AB2;1AWO;1BBZ;1JU5;1OPL;1ZZP;2ABL;2E2B;2F4J;2FO0;2G1T;2G2F;2G2H;2G2I;2GQG;2HIW;2HYY;2HZ0;2HZ4;2HZI;2O88;2V7A;3CS9;3EG0;3EG1;3EG2;3EG3;3EGU;3K2M;3PYY;3QRI;3QRJ;3QRK;3T04;3UE4;3UYO;4J9B;4J9C;4J9D;4J9E;4J9F;4J9G;4J9H;4J9I;4JJB;4JJC;4JJD;4TWP;4WA9;4XEY;4YC8;4ZOG;5DC0;5DC4;5DC9;5HU9;5MO4;5NP2;5OAZ;6AMV;6AMW;6BL8;6NPE;6NPU;6NPV;6XR6;6XR7;6XRG;7CC2;7DT2;7N9G;7PVQ;7PVR;7PVS;7PVV;7PW2;7W7X;7W7Y;8H7F;8H7H;8SSN,SH3|SH2|Protein kinase,SH3_domain:IPR001452:61:121;SH2:IPR000980:125:217;Prot_kinase_dom:IPR000719:242:493;F-actin-binding:IPR015015:1004:1130,SH3_domain|SH2|Prot_kinase_dom|F-actin-binding
P06239,LCK,Homo sapiens,SH3:61:121;SH2:127:224;Protein kinase:245:498,MGCGCSSHPEDDWMENIDVCENCHYPIVPLDGKGTLLIRNGSEVRDPLVTYEGSNPPASPLQDNLVIALHSYEPSHDGDLGFEKGEQLRILEQSGEWWKAQSLTTGQEGFIPFNFVAKANSLEPEPWFFKNLSRKDAERQLLAPGNTHGSFLIRESESTAGSFSLSVRDFDQNQGEVVKHYKIRNLDNGGFYISPRITFPGLHELVRHYTNASDGLCTRLSRPCQTQKPQKPWWEDEWEVPRETLKLVERLGAGQFGEVWMGYYNGHTKVAVKSLKQGSMSPDAFLAEANLMKQLQHQRLVRLYAVVTQEPIYIITEYMENGSLVDFLKTPSGIKLTINKLLDMAAQIAEGMAFIEERNYIHRDLRAANILVSDTLSCKIADFGLARLIEDNEYTAREGAKFPIKWTAPEAINYGTFTIKSDVWSFGILLTEIVTHGRIPYPGMTNPEVIQNLERGYRMVRPDNCPEELYQLMRLCWKERPEDRPTFDYLRSVLEDFFTATEGQYQPQP,1BHF;1BHH;1CWD;1CWE;1FBZ;1H92;1IJR;1KIK;1LCJ;1LCK;1LKK;1LKL;1Q68;1Q69;1QPC;1QPD;1QPE;1QPJ;1X27;2IIM;2OF2;2OF4;2OFU;2OFV;2OG8;2PL0;2ZM1;2ZM4;2ZYB;3AC1;3AC2;3AC3;3AC4;3AC5;3AC8;3ACJ;3ACK;3AD4;3AD5;3AD6;3B2W;3BRH;3BYM;3BYO;3BYS;3BYU;3KMM;3KXZ;3LCK;3MPM;4C3F;4D8K;5MTM;5MTN;6H6A;6PDJ;8X2P,SH3|SH2|Protein kinase,SH3_domain:IPR001452:61:121;SH2:IPR000980:125:224;Prot_kinase_dom:IPR000719:245:498,SH3_domain|SH2|Prot_kinase_dom
P06241,FYN,Homo sapiens,SH3:82:143;SH2:149:246;Protein kinase:271:524,MGCVQCKDKEATKLTEERDGSLNQSSGYRYGTDPTPQHYPSFGVTSIPNYNNFHAAGGQGLTVFGGVNSSSHTGTLRTRGGTGVTLFVALYDYEARTEDDLSFHKGEKFQILNSSEGDWWEARSLTTGETGYIPSNYVAPVDSIQAEEWYFGKLGRKDAERQLLSFGNPRGTFLIRESETTKGAYSLSIRDWDDMKGDHVKHYKIRKLDNGGYYITTRAQFETLQQLVQHYSERAAGLCCRLVVPCHKGMPRLTDLSVKTKDVWEIPRESLQLIKRLGNGQFGEVWMGTWNGNTKVAIKTLKPGTMSPESFLEEAQIMKKLKHDKLVQLYAVVSEEPIYIVTEYMNKGSLLDFLKDGEGRALKLPNLVDMAAQVAAGMAYIERMNYIHRDLRSANILVGNGLICKIADFGLARLIEDNEYTARQGAKFPIKWTAPEAALYGRFTIKSDVWSFGILLTELVTKGRVPYPGMNNREVLEQVERGYRMPCPQDCPISLHELMIHCWKKDPEERPTFEYLQSFLEDYFTATEPQYQPGENL,1A0N;1AOT;1AOU;1AVZ;1AZG;1EFN;1FYN;1G83;1M27;1NYF;1NYG;1SHF;1ZBJ;2DQ7;2MQI;2MRJ;2MRK;3H0F;3H0H;3H0I;3UA6;3UA7;4D8D;4EIK;4U17;4U1P;4ZNX;5ZAU;6EDF;6IPY;6IPZ;7A2J;7A2K;7A2L;7A2M;7A2N;7A2O;7A2P;7A2Q;7A2R;7A2S;7A2T;7A2U;7A2V;7A2W;7A2X;7A2Y;7A2Z;7UD6,SH3|SH2|Protein kinase,SH3_domain:IPR001452:82:143;SH2:IPR000980:147:246;Prot_kinase_dom:IPR000719:271:524,SH3_domain|SH2|Prot_kinase_dom
P07332,FES,Homo sapiens,F-BAR:1:260;SH2:460:549;Protein kinase:561:822,MGFSSELCSPQGHGVLQQMQEAELRLLEGMRKWMAQRVKSDREYAGLLHHMSLQDSGGQSRAISPDSPISQSWAEITSQTEGLSRLLRQHAEDLNSGPLSKLSLLIRERQQLRKTYSEQWQQLQQELTKTHSQDIEKLKSQYRALARDSAQAKRKYQEASKDKDRDKAKDKYVRSLWKLFAHHNRYVLGVRAAQLHHQHHHQLLLPGLLRSLQDLHEEMACILKEILQEYLEISSLVQDEVVAIHREMAAAAARIQPEAEYQGFLRQYGSAPDVPPCVTFDESLLEEGEPLEPGELQLNELTVESVQHTLTSVTDELAVATEMVFRRQEMVTQLQQELRNEEENTHPRERVQLLGKRQVLQEALQGLQVALCSQAKLQAQQELLQTKLEHLGPGEPPPVLLLQDDRHSTSSSEQEREGGRTPTLEILKSHISGIFRPKFSLPPPLQLIPEVQKPLHEQLWYHGAIPRAEVAELLVHSGDFLVRESQGKQEYVLSVLWDGLPRHFIIQSLDNLYRLEGEGFPSIPLLIDHLLSTQQPLTKKSGVVLHRAVPKDKWVLNHEDLVLGEQIGRGNFGEVFSGRLRADNTLVAVKSCRETLPPDLKAKFLQEARILKQYSHPNIVRLIGVCTQKQPIYIVMELVQGGDFLTFLRTEGARLRVKTLLQMVGDAAAGMEYLESKCCIHRDLAARNCLVTEKNVLKISDFGMSREEADGVYAASGGLRQVPVKWTAPEALNYGRYSSESDVWSFGILLWETFSLGASPYPNLSNQQTREFVEKGGRLPCPELCPDAVFRLMEQCWAYEPGQRPSFSTIYQELQSIRKRHR,1WQU;2DCR;3BKB;3CBL;3CD3;4DYL;4E93;6JMF;7T1K;7T1L;8X2T,F-BAR|SH2|Protein kinase,FCH_dom:IPR001060:1:94;SH2:IPR000980:458:549;Prot_kinase_dom:IPR000719:561:822,FCH_dom|SH2|Prot_kinase_dom
P07947,YES1,Homo sapiens,SH3:91:152;SH2:158:255;Protein kinase:277:530,MGCIKSKENKSPAIKYRPENTPEPVSTSVSHYGAEPTTVSPCPSSSAKGTAVNFSSLSMTPFGGSSGVTPFGGASSSFSVVPSSYPAGLTGGVTIFVALYDYEARTTEDLSFKKGERFQIINNTEGDWWEARSIATGKNGYIPSNYVAPADSIQAEEWYFGKMGRKDAERLLLNPGNQRGIFLVRESETTKGAYSLSIRDWDEIRGDNVKHYKIRKLDNGGYYITTRAQFDTLQKLVKHYTEHADGLCHKLTTVCPTVKPQTQGLAKDAWEIPRESLRLEVKLGQGCFGEVWMGTWNGTTKVAIKTLKPGTMMPEAFLQEAQIMKKLRHDKLVPLYAVVSEEPIYIVTEFMSKGSLLDFLKEGDGKYLKLPQLVDMAAQIADGMAYIERMNYIHRDLRAANILVGENLVCKIADFGLARLIEDNEYTARQGAKFPIKWTAPEAALYGRFTIKSDVWSFGILQTELVTKGRVPYPGMVNREVLEQVERGYRMPCPQGCPESLHELMNLCWKKDPDERPTFEYIQSFLEDYFTATEPQYQPGENL,2HDA,SH3|SH2|Protein kinase,SH3_domain:IPR001452:91:152;SH2:IPR000980:156:255;Prot_kinase_dom:IPR000719:277:530,SH3_domain|SH2|Prot_kinase_dom
P07948,LYN,Homo sapiens,SH3:63:123;SH2:129:226;Protein kinase:247:501,MGCIKSKGKDSLSDDGVDLKTQPVRNTERTIYVRDPTSNKQQRPVPESQLLPGQRFQTKDPEEQGDIVVALYPYDGIHPDDLSFKKGEKMKVLEEHGEWWKAKSLLTKKEGFIPSNYVAKLNTLETEEWFFKDITRKDAERQLLAPGNSAGAFLIRESETLKGSFSLSVRDFDPVHGDVIKHYKIRSLDNGGYYISPRITFPCISDMIKHYQKQADGLCRRLEKACISPKPQKPWDKDAWEIPRESIKLVKRLGAGQFGEVWMGYYNNSTKVAVKTLKPGTMSVQAFLEEANLMKTLQHDKLVRLYAVVTREEPIYIITEYMAKGSLLDFLKSDEGGKVLLPKLIDFSAQIAEGMAYIERKNYIHRDLRAANVLVSESLMCKIADFGLARVIEDNEYTAREGAKFPIKWTAPEAINFGCFTIKSDVWSFGILLYEIVTYGKIPYPGRTNADVMTALSQGYRMPRVENCPDELYDIMKMCWKEKAEERPTFDYLQSVLDDFYTATEGQYQQQP,1W1F;1WA7;3A4O;5XY1;6NMW;8WFF,SH3|SH2|Protein kinase,SH3_domain:IPR001452:63:123;SH2:IPR000980:127:226;Prot_kinase_dom:IPR000719:247:501,SH3_domain|SH2|Prot_kinase_dom
P08631,HCK,Homo sapiens,SH3:78:138;SH2:144:241;Protein kinase:262:515,MGGRSSCEDPGCPRDEERAPRMGCMKSKFLQVGGNTFSKTETSASPHCPVYVPDPTSTIKPGPNSHNSNTPGIREAGSEDIIVVALYDYEAIHHEDLSFQKGDQMVVLEESGEWWKARSLATRKEGYIPSNYVARVDSLETEEWFFKGISRKDAERQLLAPGNMLGSFMIRDSETTKGSYSLSVRDYDPRQGDTVKHYKIRTLDNGGFYISPRSTFSTLQELVDHYKKGNDGLCQKLSVPCMSSKPQKPWEKDAWEIPRESLKLEKKLGAGQFGEVWMATYNKHTKVAVKTMKPGSMSVEAFLAEANVMKTLQHDKLVKLHAVVTKEPIYIITEFMAKGSLLDFLKSDEGSKQPLPKLIDFSAQIAEGMAFIEQRNYIHRDLRAANILVSASLVCKIADFGLARVIEDNEYTAREGAKFPIKWTAPEAINFGSFTIKSDVWSFGILLMEIVTYGRIPYPGMSNPEVIRALERGYRMPRPENCPEELYNIMMRCWKNRPEERPTFEYIQSVLDDFYTATESQYQQQP,1AD5;1BU1;1QCF;2C0I;2C0O;2C0T;2HCK;2HK5;2OI3;2OJ2;3HCK;3NHN;3RBB;3REA;3REB;3VRY;3VRZ;3VS0;3VS1;3VS2;3VS3;3VS4;3VS5;3VS6;3VS7;4HCK;4LUD;4LUE;4ORZ;4U5W;5H09;5H0B;5H0E;5H0G;5H0H;5HCK;5NUH;5ZJ6;8F2P,SH3|SH2|Protein kinase,SH3_domain:IPR001452:78:138;SH2:IPR000980:142:241;Prot_kinase_dom:IPR000719:262:515,SH3_domain|SH2|Prot_kinase_dom
P09769,FGR,Homo sapiens,SH3:77:138;SH2:144:241;Protein kinase:263:516,MGCVFCKKLEPVATAKEDAGLEGDFRSYGAADHYGPDPTKARPASSFAHIPNYSNFSSQAINPGFLDSGTIRGVSGIGVTLFIALYDYEARTEDDLTFTKGEKFHILNNTEGDWWEARSLSSGKTGCIPSNYVAPVDSIQAEEWYFGKIGRKDAERQLLSPGNPQGAFLIRESETTKGAYSLSIRDWDQTRGDHVKHYKIRKLDMGGYYITTRVQFNSVQELVQHYMEVNDGLCNLLIAPCTIMKPQTLGLAKDAWEISRSSITLERRLGTGCFGDVWLGTWNGSTKVAVKTLKPGTMSPKAFLEEAQVMKLLRHDKLVQLYAVVSEEPIYIVTEFMCHGSLLDFLKNPEGQDLRLPQLVDMAAQVAEGMAYMERMNYIHRDLRAANILVGERLACKIADFGLARLIKDDEYNPCQGSKFPIKWTAPEAALFGRFTIKSDVWSFGILLTELITKGRIPYPGMNKREVLEQVEQGYHMPCPPGCPASLYEAMEQTWRLDPEERPTFEYLQSFLEDYFTSAEPQYQPGDQT,7JT9;7UY0;7UY3,SH3|SH2|Protein kinase,SH3_domain:IPR001452:77:138;SH2:IPR000980:142:241;Prot_kinase_dom:IPR000719:263:516,SH3_domain|SH2|Prot_kinase_dom
P12931,SRC,Homo sapiens,SH3:84:145;SH2:151:248;Protein kinase:270:523,MGSNKSKPKDASQRRRSLEPAENVHGAGGGAFPASQTPSKPASADGHRGPSAAFAPAAAEPKLFGGFNSSDTVTSPQRAGPLAGGVTTFVALYDYESRTETDLSFKKGERLQIVNNTEGDWWLAHSLSTGQTGYIPSNYVAPSDSIQAEEWYFGKITRRESERLLLNAENPRGTFLVRESETTKGAYCLSVSDFDNAKGLNVKHYKIRKLDSGGFYITSRTQFNSLQQLVAYYSKHADGLCHRLTTVCPTSKPQTQGLAKDAWEIPRESLRLEVKLGQGCFGEVWMGTWNGTTRVAIKTLKPGTMSPEAFLQEAQVMKKLRHEKLVQLYAVVSEEPIYIVTEYMSKGSLLDFLKGETGKYLRLPQLVDMAAQIASGMAYVERMNYVHRDLRAANILVGENLVCKVADFGLARLIEDNEYTARQGAKFPIKWTAPEAALYGRFTIKSDVWSFGILLTELTTKGRVPYPGMVNREVLDQVERGYRMPCPPECPESLHDLMCQCWRKEPEERPTFEYLQAFLEDYFTSTEPQYQPGENL,1A07;1A08;1A09;1A1A;1A1B;1A1C;1A1E;1FMK;1HCS;1HCT;1KSW;1O41;1O42;1O43;1O44;1O45;1O46;1O47;1O48;1O49;1O4A;1O4B;1O4C;1O4D;1O4E;1O4F;1O4G;1O4H;1O4I;1O4J;1O4K;1O4L;1O4M;1O4N;1O4O;1O4P;1O4Q;1O4R;1SHD;1Y57;1YI6;1YOJ;1YOL;1YOM;2BDF;2BDJ;2H8H;2SRC;3VRO;3ZMP;3ZMQ;4F59;4F5A;4F5B;4HXJ;4K11;4MXO;4MXX;4MXY;4MXZ;6ATE;6C4S;6E6E;6EHJ;7NG7;7OTE;7T1U;7YQE;8GWH;8HAQ;8JF3,SH3|SH2|Protein kinase,SH3_domain:IPR001452:84:145;SH2:IPR000980:149:248;Prot_kinase_dom:IPR000719:270:523,SH3_domain|SH2|Prot_kinase_dom
P15498,VAV1,Homo sapiens,Calponin-homology (CH):1:119;DH:194:373;PH:402:504;SH3 1:592:660;SH2:671:765;SH3 2:782:842,MELWRQCTHWLIQCRVLPPSHRVTWDGAQVCELAQALRDGVLLCQLLNNLLPHAINLREVNLRPQMSQFLCLKNIRTFLSTCCEKFGLKRSELFEAFDLFDVQDFGKVIYTLSALSWTPIAQNRGIMPFPTEEESVGDEDIYSGLSDQIDDTVEEDEDLYDCVENEEAEGDEIYEDLMRSEPVSMPPKMTEYDKRCCCLREIQQTEEKYTDTLGSIQQHFLKPLQRFLKPQDIEIIFINIEDLLRVHTHFLKEMKEALGTPGAANLYQVFIKYKERFLVYGRYCSQVESASKHLDRVAAAREDVQMKLEECSQRANNGRFTLRDLLMVPMQRVLKYHLLLQELVKHTQEAMEKENLRLALDAMRDLAQCVNEVKRDNETLRQITNFQLSIENLDQSLAHYGRPKIDGELKITSVERRSKMDRYAFLLDKALLICKRRGDSYDLKDFVNLHSFQVRDDSSGDRDNKKWSHMFLLIEDQGAQGYELFFKTRELKKKWMEQFEMAISNIYPENATANGHDFQMFSFEETTSCKACQMLLRGTFYQGYRCHRCRASAHKECLGRVPPCGRHGQDFPGTMKKDKLHRRAQDKKRNELGLPKMEVFQEYYGLPPPPGAIGPFLRLNPGDIVELTKAEAEQNWWEGRNTSTNEIGWFPCNRVKPYVHGPPQDLSVHLWYAGPMERAGAESILANRSDGTFLVRQRVKDAAEFAISIKYNVEVKHIKIMTAEGLYRITEKKAFRGLTELVEFYQQNSLKDCFKSLDTTLQFPFKEPEKRTISRPAVGSTKYFGTAKARYDFCARDRSELSLKEGDIIKILNKKGQQGWWRGEIYGRVGWFPANYVEEDYSEYC,2CRH;2LCT;2MC1;2ROR;3BJI;3KY9;6NEW;6NF1;6NFA,Calponin-homology (CH)|DH|PH|SH3 1|SH2|SH3 2,CH_dom:IPR001715:1:119;DH-domain:IPR000219:194:373;PH_domain:IPR001849:402:506;PE/DAG-bd:IPR002219:515:566;SH3_domain:IPR001452:592:660;SH2:IPR000980:669:765;SH3_domain:IPR001452:782:842,CH_dom|DH-domain|PH_domain|PE/DAG-bd|SH3_domain|SH2|SH3_domain
P15882,CHN1,Homo sapiens,SH2:49:135;Rho-GAP:268:459,MALTLFDTDEYRPPVWKSYLYQLQQEAPHPRRITCTCEVENRPKYYGREFHGMISREAADQLLIVAEGSYLIRESQRQPGTYTLALRFGSQTRNFRLYYDGKHFVGEKRFESIHDLVTDGLITLYIETKAAEYIAKMTINPIYEHVGYTTLNREPAYKKHMPVLKETHDERDSTGQDGVSEKRLTSLVRRATLKENEQIPKYEKIHNFKVHTFRGPHWCEYCANFMWGLIAQGVKCADCGLNVHKQCSKMVPNDCKPDLKHVKKVYSCDLTTLVKAHTTKRPMVVDMCIREIESRGLNSEGLYRVSGFSDLIEDVKMAFDRDGEKADISVNMYEDINIITGALKLYFRDLPIPLITYDAYPKFIESAKIMDPDEQLETLHEALKLLPPAHCETLRYLMAHLKRVTLHEKENLMNAENLGIVFGPTLMRSPELDAMAALNDIRYQRLVVELLIKNEDILF,2OSA;3CXL,SH2|Rho-GAP,SH2:IPR000980:47:126;PE/DAG-bd:IPR002219:205:257;RhoGAP_dom:IPR000198:268:459,SH2|PE/DAG-bd|RhoGAP_dom
P16333,NCK1,Homo sapiens,SH3 1:2:61;SH3 2:106:165;SH3 3:190:252;SH2:282:376,MAEEVVVVAKFDYVAQQEQELDIKKNERLWLLDDSKSWWRVRNSMNKTGFVPSNYVERKNSARKASIVKNLKDTLGIGKVKRKPSVPDSASPADDSFVDPGERLYDLNMPAYVKFNYMAEREDELSLIKGTKVIVMEKCSDGWWRGSYNGQVGWFPSNYVTEEGDSPLGDHVGSLSEKLAAVVNNLNTGQVLHVVQALYPFSSSNDEELNFEKGDVMDVIEKPENDPEWWKCRKINGMVGLVPKNYVTVMQNNPLTSGLEPSPPQCDYIRPSLTGKFAGNPWYYGKVTRHQAEMALNERGHEGDFLIRDSESSPNDFSVSLKAQGKNKHFKVQLKETVYCIGQRKFSTMEELVEHYKKAPIFTSEQGEKLYLVKHLS,2CI8;2CI9;2CUB;2JS0;2JS2;2JW4;5QU1;5QU2;5QU3;5QU4;5QU5;5QU6;5QU7;5QU8;5QUA,SH3 1|SH3 2|SH3 3|SH2,SH3_domain:IPR001452:2:61;SH3_domain:IPR001452:106:165;SH3_domain:IPR001452:190:252;SH2:IPR000980:280:376,SH3_domain|SH3_domain|SH3_domain|SH2
P16591,FER,Homo sapiens,F-BAR:1:259;SH2:460:550;Protein kinase:563:816,MGFGSDLKNSHEAVLKLQDWELRLLETVKKFMALRIKSDKEYASTLQNLCNQVDKESTVQMNYVSNVSKSWLLMIQQTEQLSRIMKTHAEDLNSGPLHRLTMMIKDKQQVKKSYIGVHQQIEAEMIKVTKTELEKLKCSYRQLIKEMNSAKEKYKEALAKGKETEKAKERYDKATMKLHMLHNQYVLALKGAQLHQNQYYDITLPLLLDSLQKMQEEMIKALKGIFDEYSQITSLVTEEIVNVHKEIQMSVEQIDPSTEYNNFIDVHRTTAAKEQEIEFDTSLLEENENLQANEIMWNNLTAESLQVMLKTLAEELMQTQQMLLNKEEAVLELEKRIEESSETCEKKSDIVLLLSQKQALEELKQSVQQLRCTEAKFSAQKELLEQKVQENDGKEPPPVVNYEEDARSVTSMERKERLSKFESIRHSIAGIIRSPKSALGSSALSDMISISEKPLAEQDWYHGAIPRIEAQELLKKQGDFLVRESHGKPGEYVLSVYSDGQRRHFIIQYVDNMYRFEGTGFSNIPQLIDHHYTTKQVITKKSGVVLLNPIPKDKKWILSHEDVILGELLGKGNFGEVYKGTLKDKTSVAVKTCKEDLPQELKIKFLQEAKILKQYDHPNIVKLIGVCTQRQPVYIIMELVSGGDFLTFLRRKKDELKLKQLVKFSLDAAAGMLYLESKNCIHRDLAARNCLVGENNVLKISDFGMSRQEDGGVYSSSGLKQIPIKWTAPEALNYGRYSSESDVWSFGILLWETFSLGVCPYPGMTNQQAREQVERGYRMSAPQHCPEDISKIMMKCWDYKPENRPKFSELQKELTIIKRKLT,2KK6;6KC4,F-BAR|SH2|Protein kinase,FCH_dom:IPR001060:1:92;Fer_F-BAR:IPR037452:5:238;SH2:IPR000980:458:550;Prot_kinase_dom:IPR000719:563:816,FCH_dom|Fer_F-BAR|SH2|Prot_kinase_dom
P16885,PLCG2,Homo sapiens,PH:20:131;PI-PLC X-box:312:456;SH2 1:532:635;SH2 2:646:735;SH3:769:829;PI-PLC Y-box:930:1044;C2:1038:1169,MSTTVNVDSLAEYEKSQIKRALELGTVMTVFSFRKSTPERRTVQVIMETRQVAWSKTADKIEGFLDIMEIKEIRPGKNSKDFERAKAVRQKEDCCFTILYGTQFVLSTLSLAADSKEDAVNWLSGLKILHQEAMNASTPTIIESWLRKQIYSVDQTRRNSISLRELKTILPLINFKVSSAKFLKDKFVEIGAHKDELSFEQFHLFYKKLMFEQQKSILDEFKKDSSVFILGNTDRPDASAVYLHDFQRFLIHEQQEHWAQDLNKVRERMTKFIDDTMRETAEPFLFVDEFLTYLFSRENSIWDEKYDAVDMQDMNNPLSHYWISSSHNTYLTGDQLRSESSPEAYIRCLRMGCRCIELDCWDGPDGKPVIYHGWTRTTKIKFDDVVQAIKDHAFVTSSFPVILSIEEHCSVEQQRHMAKAFKEVFGDLLLTKPTEASADQLPSPSQLREKIIIKHKKLGPRGDVDVNMEDKKDEHKQQGELYMWDSIDQKWTRHYCAIADAKLSFSDDIEQTMEEEVPQDIPPTELHFGEKWFHKKVEKRTSAEKLLQEYCMETGGKDGTFLVRESETFPNDYTLSFWRSGRVQHCRIRSTMEGGTLKYYLTDNLTFSSIYALIQHYRETHLRCAEFELRLTDPVPNPNPHESKPWYYDSLSRGEAEDMLMRIPRDGAFLIRKREGSDSYAITFRARGKVKHCRINRDGRHFVLGTSAYFESLVELVSYYEKHSLYRKMRLRYPVTPELLERYNMERDINSLYDVSRMYVDPSEINPSMPQRTVKALYDYKAKRSDELSFCRGALIHNVSKEPGGWWKGDYGTRIQQYFPSNYVEDISTADFEELEKQIIEDNPLGSLCRGILDLNTYNVVKAPQGKNQKSFVFILEPKQQGDPPVEFATDRVEELFEWFQSIREITWKIDTKENNMKYWEKNQSIAIELSDLVVYCKPTSKTKDNLENPDFREIRSFVETKADSIIRQKPVDLLKYNQKGLTRVYPKGQRVDSSNYDPFRLWLCGSQMVALNFQTADKYMQMNHALFSLNGRTGYVLQPESMRTEKYDPMPPESQRKILMTLTVKVLGARHLPKLGRSIACPFVEVEICGAEYDNNKFKTTVVNDNGLSPIWAPTQEKVTFEIYDPNLAFLRFVVYEEDMFSDPNFLAHATYPIKAVKSGFRSVPLKNGYSEDIELASLLVFCEMRPVLESEEELYSSCRQLRRRQEELNNQLFLYDTHQNLRNANRDALVKEFSVNENQLQLYQEKCNKRLREKRVSNSKFYS,2K2J;2W2W;2W2X,PH|PI-PLC X-box|SH2 1|SH2 2|SH3|PI-PLC Y-box|C2,PH_domain:IPR001849:1:133;PLipase_C_PInositol-sp_X_dom:IPR000909:312:457;SH2:IPR000980:530:635;SH2:IPR000980:644:735;SH3_domain:IPR001452:769:829;PH_domain:IPR001849:789:910;PLipase_C_Pinositol-sp_Y:IPR001711:930:1044;C2_dom:IPR000008:1038:1169,PH_domain|PLipase_C_PInositol-sp_X_dom|SH2|SH2|SH3_domain|PH_domain|PLipase_C_Pinositol-sp_Y|C2_dom
P19174,PLCG1,Homo sapiens,PH 1:27:142;EF-hand:152:187;PI-PLC X-box:320:464;PH 2 first part:489:523;SH2 1:550:657;SH2 2:668:756;SH3:791:851;PH 2 second part:895:931;PI-PLC Y-box:953:1070;C2:1071:1194,MAGAASPCANGCGPGAPSDAEVLHLCRSLEVGTVMTLFYSKKSQRPERKTFQVKLETRQITWSRGADKIEGAIDIREIKEIRPGKTSRDFDRYQEDPAFRPDQSHCFVILYGMEFRLKTLSLQATSEDEVNMWIKGLTWLMEDTLQAPTPLQIERWLRKQFYSVDRNREDRISAKDLKNMLSQVNYRVPNMRFLRERLTDLEQRSGDITYGQFAQLYRSLMYSAQKTMDLPFLEASTLRAGERPELCRVSLPEFQQFLLDYQGELWAVDRLQVQEFMLSFLRDPLREIEEPYFFLDEFVTFLFSKENSVWNSQLDAVCPDTMNNPLSHYWISSSHNTYLTGDQFSSESSLEAYARCLRMGCRCIELDCWDGPDGMPVIYHGHTLTTKIKFSDVLHTIKEHAFVASEYPVILSIEDHCSIAQQRNMAQYFKKVLGDTLLTKPVEISADGLPSPNQLKRKILIKHKKLAEGSAYEEVPTSMMYSENDISNSIKNGILYLEDPVNHEWYPHYFVLTSSKIYYSEETSSDQGNEDEEEPKEVSSSTELHSNEKWFHGKLGAGRDGRHIAERLLTEYCIETGAPDGSFLVRESETFVGDYTLSFWRNGKVQHCRIHSRQDAGTPKFFLTDNLVFDSLYDLITHYQQVPLRCNEFEMRLSEPVPQTNAHESKEWYHASLTRAQAEHMLMRVPRDGAFLVRKRNEPNSYAISFRAEGKIKHCRVQQEGQTVMLGNSEFDSLVDLISYYEKHPLYRKMKLRYPINEEALEKIGTAEPDYGALYEGRNPGFYVEANPMPTFKCAVKALFDYKAQREDELTFIKSAIIQNVEKQEGGWWRGDYGGKKQLWFPSNYVEEMVNPVALEPEREHLDENSPLGDLLRGVLDVPACQIAIRPEGKNNRLFVFSISMASVAHWSLDVAADSQEELQDWVKKIREVAQTADARLTEGKIMERRKKIALELSELVVYCRPVPFDEEKIGTERACYRDMSSFPETKAEKYVNKAKGKKFLQYNRLQLSRIYPKGQRLDSSNYDPLPMWICGSQLVALNFQTPDKPMQMNQALFMTGRHCGYVLQPSTMRDEAFDPFDKSSLRGLEPCAISIEVLGARHLPKNGRGIVCPFVEIEVAGAEYDSTKQKTEFVVDNGLNPVWPAKPFHFQISNPEFAFLRFVVYEEDMFSDQNFLAQATFPVKGLKTGYRAVPLKNNYSEDLELASLLIKIDIFPAKENGDLSPFSGTSLRERGSDASGQLFHGRAREGSFESRYQQPFEDFRISQEHLADHFDSRERRAPRRTRVNGDNRL,1HSQ;2HSP;4EY0;4FBN;7NXE,PH 1|EF-hand|PI-PLC X-box|PH 2 first part|SH2 1|SH2 2|SH3|PH 2 second part|PI-PLC Y-box|C2,PH_domain:IPR001849:27:144;EF_hand_dom:IPR002048:152:187;PLipase_C_PInositol-sp_X_dom:IPR000909:320:465;SH2:IPR000980:548:657;SH2:IPR000980:666:756;SH3_domain:IPR001452:791:851;PH_domain:IPR001849:804:933;PLipase_C_Pinositol-sp_Y:IPR001711:953:1070;C2_dom:IPR000008:1071:1194,PH_domain|EF_hand_dom|PLipase_C_PInositol-sp_X_dom|SH2|SH2|SH3_domain|PH_domain|PLipase_C_Pinositol-sp_Y|C2_dom
P20936,RASA1,Homo sapiens,SH2 1:181:272;SH3:279:341;SH2 2:351:441;PH:474:577;C2:577:690;Ras-GAP:748:942,MMAAEAGSEEGGPVTAGAGGGGAAAGSSAYPAVCRVKIPAALPVAAAPYPGLVETGVAGTLGGGAALGSEFLGAGSVAGALGGAGLTGGGTAAGVAGAAAGVAGAAVAGPSGDMALTKLPTSLLAETLGPGGGFPPLPPPPYLPPLGAGLGTVDEGDSLDGPEYEEEEVAIPLTAPPTNQWYHGKLDRTIAEERLRQAGKSGSYLIRESDRRPGSFVLSFLSQMNVVNHFRIIAMCGDYYIGGRRFSSLSDLIGYYSHVSCLLKGEKLLYPVAPPEPVEDRRRVRAILPYTKVPDTDEISFLKGDMFIVHNELEDGWMWVTNLRTDEQGLIVEDLVEEVGREEDPHEGKIWFHGKISKQEAYNLLMTVGQVCSFLVRPSDNTPGDYSLYFRTNENIQRFKICPTPNNQFMMGGRYYNSIGDIIDHYRKEQIVEGYYLKEPVPMQDQEQVLNDTVDGKEIYNTIRRKTKDAFYKNIVKKGYLLKKGKGKRWKNLYFILEGSDAQLIYFESEKRATKPKGLIDLSVCSVYVVHDSLFGRPNCFQIVVQHFSEEHYIFYFAGETPEQAEDWMKGLQAFCNLRKSSPGTSNKRLRQVSSLVLHIEEAHKLPVKHFTNPYCNIYLNSVQVAKTHAREGQNPVWSEEFVFDDLPPDINRFEITLSNKTKKSKDPDILFMRCQLSRLQKGHATDEWFLLSSHIPLKGIEPGSLRVRARYSMEKIMPEEEYSEFKELILQKELHVVYALSHVCGQDRTLLASILLRIFLHEKLESLLLCTLNDREISMEDEATTLFRATTLASTLMEQYMKATATQFVHHALKDSILKIMESKQSCELSPSKLEKNEDVNTNLTHLLNILSELVEKIFMASEILPPTLRYIYGCLQKSVQHKWPTNTTMRTRVVSGFVFLRLICPAILNPRMFNIISDSPSPIAARTLILVAKSVQNLANLVEFGAKEPYMEGVNPFIKSNKHRMIMFLDELGNVPELPDTTEHSRTDLSRDLAALHEICVAHSDELRTLSNERGAQQHVLKKLLAITELLQQKQNQYTKTNDVR,1WER;1WQ1;2GQI;2GSB;2J05;2J06;2M51;4FSS;6PXB;6PXC;6WAX;6WAY;8BOS;8DGQ,SH2 1|SH3|SH2 2|PH|C2|Ras-GAP,SH2:IPR000980:179:272;SH3_domain:IPR001452:279:341;SH2:IPR000980:349:441;PH_domain:IPR001849:474:579;C2_dom:IPR000008:577:692;RasGAP_dom:IPR001936:698:1044,SH2|SH3_domain|SH2|PH_domain|C2_dom|RasGAP_dom
P23458,JAK1,Homo sapiens,FERM:34:420;SH2:439:544;Protein kinase 1:583:855;Protein kinase 2:875:1153,MQYLNIKEDCNAMAFCAKMRSSKKTEVNLEAPEPGVEVIFYLSDREPLRLGSGEYTAEELCIRAAQACRISPLCHNLFALYDENTKLWYAPNRTITVDDKMSLRLHYRMRFYFTNWHGTNDNEQSVWRHSPKKQKNGYEKKKIPDATPLLDASSLEYLFAQGQYDLVKCLAPIRDPKTEQDGHDIENECLGMAVLAISHYAMMKKMQLPELPKDISYKRYIPETLNKSIRQRNLLTRMRINNVFKDFLKEFNNKTICDSSVSTHDLKVKYLATLETLTKHYGAEIFETSMLLISSENEMNWFHSNDGGNVLYYEVMVTGNLGIQWRHKPNVVSVEKEKNKLKRKKLENKHKKDEEKNKIREEWNNFSYFPEITHIVIKESVVSINKQDNKKMELKLSSHEEALSFVSLVDGYFRLTADAHHYLCTDVAPPLIVHNIQNGCHGPICTEYAINKLRQEGSEEGMYVLRWSCTDFDNILMTVTCFEKSEQVQGAQKQFKNFQIEVQKGRYSLHGSDRSFPSLGDLMSHLKKQILRTDNISFMLKRCCQPKPREISNLLVATKKAQEWQPVYPMSQLSFDRILKKDLVQGEHLGRGTRTHIYSGTLMDYKDDEGTSEEKKIKVILKVLDPSHRDISLAFFEAASMMRQVSHKHIVYLYGVCVRDVENIMVEEFVEGGPLDLFMHRKSDVLTTPWKFKVAKQLASALSYLEDKDLVHGNVCTKNLLLAREGIDSECGPFIKLSDPGIPITVLSRQECIERIPWIAPECVEDSKNLSVAADKWSFGTTLWEICYNGEIPLKDKTLIEKERFYESRCRPVTPSCKELADLMTRCMNYDPNQRPFFRAIMRDINKLEEQNPDIVSEKKPATEVDPTHFEKRFLKRIRDLGEGHFGKVELCRYDPEGDNTGEQVAVKSLKPESGGNHIADLKKEIEILRNLYHENIVKYKGICTEDGGNGIKLIMEFLPSGSLKEYLPKNKNKINLKQQLKYAVQICKGMDYLGSRQYVHRDLAARNVLVESEHQVKIGDFGLTKAIETDKEYYTVKDDRDSPVFWYAPECLMQSKFYIASDVWSFGVTLHELLTYCDSDSSPMALFLKMIGPTHGQMTVTRLVNTLKEGKRLPCPPNCPDEVYQLMRKCWEFQPSNRTSFQNLIEGFEALLK,3EYG;3EYH;4E4L;4E4N;4E5W;4EHZ;4EI4;4FK6;4GS0;4I5C;4IVB;4IVC;4IVD;4K6Z;4K77;4L00;4L01;5E1E;5HX8;5IXD;5IXI;5KHW;5KHX;5L04;5WO4;6AAH;6BBU;6C7Y;6DBN;6ELR;6GGH;6HZU;6N77;6N78;6N79;6N7A;6N7B;6N7C;6N7D;6RSB;6RSC;6RSD;6RSE;6RSH;6SM8;6SMB;6TPE;6TPF;6W8L;8EXJ,FERM|SH2|Protein kinase 1|Protein kinase 2,FERM_domain:IPR000299:34:420;SH2:IPR000980:437:544;Prot_kinase_dom:IPR000719:583:855;Prot_kinase_dom:IPR000719:875:1153,FERM_domain|SH2|Prot_kinase_dom|Prot_kinase_dom
P27986,PIK3R1,Homo sapiens,SH3:3:79;Rho-GAP:113:301;SH2 1:333:428;SH2 2:624:718,MSAEGYQYRALYDYKKEREEDIDLHLGDILTVNKGSLVALGFSDGQEARPEEIGWLNGYNETTGERGDFPGTYVEYIGRKKISPPTPKPRPPRPLPVAPGSSKTEADVEQQALTLPDLAEQFAPPDIAPPLLIKLVEAIEKKGLECSTLYRTQSSSNLAELRQLLDCDTPSVDLEMIDVHVLADAFKRYLLDLPNPVIPAAVYSEMISLAPEVQSSEEYIQLLKKLIRSPSIPHQYWLTLQYLLKHFFKLSQTSSKNLLNARVLSEIFSPMLFRFSAASSDNTENLIKVIEILISTEWNERQPAPALPPKPPKPTTVANNGMNNNMSLQDAEWYWGDISREEVNEKLRDTADGTFLVRDASTKMHGDYTLTLRKGGNNKLIKIFHRDGKYGFSDPLTFSSVVELINHYRNESLAQYNPKLDVKLLYPVSKYQQDQVVKEDNIEAVGKKLHEYNTQFQEKSREYDRLYEEYTRTSQEIQMKRTAIEAFNETIKIFEEQCQTQERYSKEYIEKFKREGNEKEIQRIMHNYDKLKSRISEIIDSRRRLEEDLKKQAAEYREIDKRMNSIKPDLIQLRKTRDQYLMWLTQKGVRQKKLNEWLGNENTEDQYSLVEDDEDLPHHDEKTWNVGSSNRNKAENLLRGKRDGTFLVRESSKQGCYACSVVVDGEVKHCVINKTATGYGFAEPYNLYSSLKELVLHYQHTSLVQHNDSLNVTLAYPVYAQQRR,1A0N;1AZG;1H9O;1PBW;1PHT;1PIC;1PKS;1PKT;2IUG;2IUH;2IUI;2RD0;2V1Y;3HHM;3HIZ;3I5R;3I5S;4A55;4JPS;4L1B;4L23;4L2Y;4OVU;4OVV;4WAF;4YKN;4ZOP;5AUL;5FI4;5GJI;5ITD;5M6U;5SW8;5SWG;5SWO;5SWP;5SWR;5SWT;5SX8;5SX9;5SXA;5SXB;5SXC;5SXD;5SXE;5SXF;5SXI;5SXJ;5SXK;5UBT;5UK8;5UKJ;5UL1;5VLR;5XGH;5XGI;5XGJ;6NCT;6PYR;6PYU;7CIO;7LM2;7LQ1;7MYN;7MYO;7PG5;7PG6;7RNS;7TZ7;8DCP;8DCX;8DD4;8DD8;8GUB;8H36;8H37;8ILR;8ILS;8ILV;8SBC;8SBJ;8TDU;8TGD;8TS7;8TS8;8TS9;8TSA;8TSB;8TSC;8TSD;8TU6,SH3|Rho-GAP|SH2 1|SH2 2,SH3_domain:IPR001452:3:79;RhoGAP_dom:IPR000198:113:301;SH2:IPR000980:331:428;SH2:IPR000980:622:718,SH3_domain|RhoGAP_dom|SH2|SH2
P29350,PTPN6,Homo sapiens,SH2 1:4:100;SH2 2:110:213;Tyrosine-protein phosphatase:244:515,MVRWFHRDLSGLDAETLLKGRGVHGSFLARPSRKNQGDFSLSVRVGDQVTHIRIQNSGDFYDLYGGEKFATLTELVEYYTQQQGVLQDRDGTIIHLKYPLNCSDPTSERWYHGHMSGGQAETLLQAKGEPWTFLVRESLSQPGDFVLSVLSDQPKAGPGSPLRVTHIKVMCEGGRYTVGGLETFDSLTDLVEHFKKTGIEEASGAFVYLRQPYYATRVNAADIENRVLELNKKQESEDTAKAGFWEEFESLQKQEVKNLHQRLEGQRPENKGKNRYKNILPFDHSRVILQGRDSNIPGSDYINANYIKNQLLGPDENAKTYIASQGCLEATVNDFWQMAWQENSRVIVMTTREVEKGRNKCVPYWPEVGMQRAYGPYSVTNCGEHDTTEYKLRTLQVSPLDNGDLIREIWHYQYLSWPDHGVPSEPGGVLSFLDQINQRQESLPHAGPIIVHCSAGIGRTGTIIVIDMLMENISTKGLDCDIDIQKTIQMVRAQRSGMVQTEAQYKFIYVAIAQFIETTKKKLEVLQSQKGQESEYGNITYPPAMKNAHAKASRTSSKHKEDVYENLHTKNKREEKVKKQRSADKEKSKGSLKRK,1FPR;1GWZ;1X6C;2B3O;2RMX;2YU7;3PS5;4GRY;4GRZ;4GS0;4HJP;4HJQ;6SM5,SH2 1|SH2 2|Tyrosine-protein phosphatase,SH2:IPR000980:2:100;SH2:IPR000980:108:213;PTP_cat:IPR000242:243:517,SH2|SH2|PTP_cat
P29353,SHC1,Homo sapiens,PID:156:339;SH2:488:579,MDLLPPKPKYNPLRNESLSSLEEGASGSTPPEELPSPSASSLGPILPPLPGDDSPTTLCSFFPRMSNLRLANPAGGRPGSKGEPGRAADDGEGIVGAAMPDSGPLPLLQDMNKLSGGGGRRTRVEGGQLGGEEWTRHGSFVNKPTRGWLHPNDKVMGPGVSYLVRYMGCVEVLQSMRALDFNTRTQVTREAISLVCEAVPGAKGATRRRKPCSRPLSSILGRSNLKFAGMPITLTVSTSSLNLMAADCKQIIANHHMQSISFASGGDPDTAEYVAYVAKDPVNQRACHILECPEGLAQDVISTIGQAFELRFKQYLRNPPKLVTPHDRMAGFDGSAWDEEEEEPPDHQYYNDFPGKEPPLGGVVDMRLREGAAPGAARPTAPNAQTPSHLGATLPVGQPVGGDPEVRKQMPPPPPCPGRELFDDPSYVNVQNLDKARQAVGGAGPPNPAINGSAPRDLFDMKPFEDALRVPPPPQSVSMAEQLRGEPWFHGKLSRREAEALLQLNGDFLVRESTTTPGQYVLTGLQSGQPKHLLLVDPEGVVRTKDHRFESVSHLISYHMDNHLPIISAGSELCLQQPVERKL,1MIL;1N3H;1OY2;1QG1;1SHC;1TCE;2L1C;4JMH;4XWX;5CZI;6DM4,PID|SH2,PID_Shc-like:IPR006019:146:317;SH2:IPR000980:486:579,PID_Shc-like|SH2
P29597,TYK2,Homo sapiens,FERM:26:431;SH2 atypical:450:529;Protein kinase 1:589:875;Protein kinase 2:897:1176,MPLRHWGMARGSKPVGDGAQPMAAMGGLKVLLHWAGPGGGEPWVTFSESSLTAEEVCIHIAHKVGITPPCFNLFALFDAQAQVWLPPNHILEIPRDASLMLYFRIRFYFRNWHGMNPREPAVYRCGPPGTEASSDQTAQGMQLLDPASFEYLFEQGKHEFVNDVASLWELSTEEEIHHFKNESLGMAFLHLCHLALRHGIPLEEVAKKTSFKDCIPRSFRRHIRQHSALTRLRLRNVFRRFLRDFQPGRLSQQMVMVKYLATLERLAPRFGTERVPVCHLRLLAQAEGEPCYIRDSGVAPTDPGPESAAGPPTHEVLVTGTGGIQWWPVEEEVNKEEGSSGSSGRNPQASLFGKKAKAHKAVGQPADRPREPLWAYFCDFRDITHVVLKEHCVSIHRQDNKCLELSLPSRAAALSFVSLVDGYFRLTADSSHYLCHEVAPPRLVMSIRDGIHGPLLEPFVQAKLRPEDGLYLIHWSTSHPYRLILTVAQRSQAPDGMQSLRLRKFPIEQQDGAFVLEGWGRSFPSVRELGAALQGCLLRAGDDCFSLRRCCLPQPGETSNLIIMRGARASPRTLNLSQLSFHRVDQKEITQLSHLGQGTRTNVYEGRLRVEGSGDPEEGKMDDEDPLVPGRDRGQELRVVLKVLDPSHHDIALAFYETASLMSQVSHTHLAFVHGVCVRGPENIMVTEYVEHGPLDVWLRRERGHVPMAWKMVVAQQLASALSYLENKNLVHGNVCGRNILLARLGLAEGTSPFIKLSDPGVGLGALSREERVERIPWLAPECLPGGANSLSTAMDKWGFGATLLEICFDGEAPLQSRSPSEKEHFYQRQHRLPEPSCPQLATLTSQCLTYEPTQRPSFRTILRDLTRLQPHNLADVLTVNPDSPASDPTVFHKRYLKKIRDLGEGHFGKVSLYCYDPTNDGTGEMVAVKALKADCGPQHRSGWKQEIDILRTLYHEHIIKYKGCCEDQGEKSLQLVMEYVPLGSLRDYLPRHSIGLAQLLLFAQQICEGMAYLHAQHYIHRDLAARNVLLDNDRLVKIGDFGLAKAVPEGHEYYRVREDGDSPVFWYAPECLKEYKFYYASDVWSFGVTLYELLTHCDSSQSPPTKFLELIGIAQGQMTVLRLTELLERGERLPRPDKCPCEVYHLMKNCWETEASFRPTFENLIPILKTVHEKYQGQAPSVFSVC,3LXN;3LXP;3NYX;3NZ0;3ZON;4GFO;4GIH;4GII;4GJ2;4GJ3;4GVJ;4OLI;4PO6;4PY1;4WOV;5C01;5C03;5F1Z;5F20;5TKD;5WAL;6AAM;6DBK;6DBM;6NSL;6NZE;6NZF;6NZH;6NZP;6NZQ;6NZR;6OVA;6VNS;6VNV;6VNX;6VNY;6X8F;6X8G;7AX4;7K7O;7K7Q;7UYR;7UYS;7UYT;7UYU;8EXN;8EYC;8S98;8S99;8S9A;8TB5;8TB6,FERM|SH2 atypical|Protein kinase 1|Protein kinase 2,FERM_domain:IPR000299:26:431;SH2:IPR000980:452:539;Prot_kinase_dom:IPR000719:589:875;Prot_kinase_dom:IPR000719:897:1176,FERM_domain|SH2|Prot_kinase_dom|Prot_kinase_dom
P40763,STAT3,Homo sapiens,SH2:580:670,MAQWNQLQQLDTRYLEQLHQLYSDSFPMELRQFLAPWIESQDWAYAASKESHATLVFHNLLGEIDQQYSRFLQESNVLYQHNLRRIKQFLQSRYLEKPMEIARIVARCLWEESRLLQTAATAAQQGGQANHPTAAVVTEKQQMLEQHLQDVRKRVQDLEQKMKVVENLQDDFDFNYKTLKSQGDMQDLNGNNQSVTRQKMQQLEQMLTALDQMRRSIVSELAGLLSAMEYVQKTLTDEELADWKRRQQIACIGGPPNICLDRLENWITSLAESQLQTRQQIKKLEELQQKVSYKGDPIVQHRPMLEERIVELFRNLMKSAFVVERQPCMPMHPDRPLVIKTGVQFTTKVRLLVKFPELNYQLKIKVCIDKDSGDVAALRGSRKFNILGTNTKVMNMEESNNGSLSAEFKHLTLREQRCGNGGRANCDASLIVTEELHLITFETEVYHQGLKIDLETHSLPVVVISNICQMPNAWASILWYNMLTNNPKNVNFFTKPPIGTWDQVAEVLSWQFSSTTKRGLSIEQLTTLAEKLLGPGVNYSGCQITWAKFCKENMAGKGFSFWVWLDNIIDLVKKYILALWNEGYIMGFISKERERAILSTKPPGTFLLRFSESSKEGGVTFTWVEKDISGKTQIQSVEPYTKQQLNNMSFAEIIMGYKIMDATNILVSPLVYLYPDIPKEEAFGKYCRPESQEHPEADPGSAAPYLKTKFICVTPTTCSNTIDLPMSPRTLDSLMQFGNNGEGAEPSAGGQFESLTFDMELTSECATSPM,5AX3;5U5S;6NJS;6NUQ;6QHD;6TLC,SH2,STAT_TF_prot_interaction:IPR013799:2:122;STAT_TF_alpha:IPR013800:145:313;STAT_TF_DNA-bd:IPR013801:326:464;STAT_linker:IPR048988:488:565;SH2:IPR000980:580:670,STAT_TF_prot_interaction|STAT_TF_alpha|STAT_TF_DNA-bd|STAT_linker|SH2
P41240,CSK,Homo sapiens,SH3:9:70;SH2:82:171;Protein kinase:195:449,MSAIQAAWPSGTECIAKYNFHGTAEQDLPFCKGDVLTIVAVTKDPNWYKAKNKVGREGIIPANYVQKREGVKAGTKLSLMPWFHGKITREQAERLLYPPETGLFLVRESTNYPGDYTLCVSCDGKVEHYRIMYHASKLSIDEEVYFENLMQLVEHYTSDADGLCTRLIKPKVMEGTVAAQDEFYRSGWALNMKELKLLQTIGKGEFGDVMLGDYRGNKVAVKCIKNDATAQAFLAEASVMTQLRHSNLVQLLGVIVEEKGGLYIVTEYMAKGSLVDYLRSRGRSVLGGDCLLKFSLDVCEAMEYLEGNNFVHRDLAARNVLVSEDNVAKVSDFGLTKEASSTQDTGKLPVKWTAPEALREKKFSTKSDVWSFGILLWEIYSFGRVPYPRIPLKDVVPRVEKGYKMDAPDGCPPAVYEVMKNCWHLDAAMRPSFLQLREQLEHIKTHELHL,1BYG;1CSK;3D7T;3D7U;3EAC;3EAZ,SH3|SH2|Protein kinase,SH3_domain:IPR001452:9:70;SH2:IPR000980:80:171;Prot_kinase_dom:IPR000719:195:449,SH3_domain|SH2|Prot_kinase_dom
P42224,STAT1,Homo sapiens,SH2:573:670,MSQWYELQQLDSKFLEQVHQLYDDSFPMEIRQYLAQWLEKQDWEHAANDVSFATIRFHDLLSQLDDQYSRFSLENNFLLQHNIRKSKRNLQDNFQEDPIQMSMIIYSCLKEERKILENAQRFNQAQSGNIQSTVMLDKQKELDSKVRNVKDKVMCIEHEIKSLEDLQDEYDFKCKTLQNREHETNGVAKSDQKQEQLLLKKMYLMLDNKRKEVVHKIIELLNVTELTQNALINDELVEWKRRQQSACIGGPPNACLDQLQNWFTIVAESLQQVRQQLKKLEELEQKYTYEHDPITKNKQVLWDRTFSLFQQLIQSSFVVERQPCMPTHPQRPLVLKTGVQFTVKLRLLVKLQELNYNLKVKVLFDKDVNERNTVKGFRKFNILGTHTKVMNMEESTNGSLAAEFRHLQLKEQKNAGTRTNEGPLIVTEELHSLSFETQLCQPGLVIDLETTSLPVVVISNVSQLPSGWASILWYNMLVAEPRNLSFFLTPPCARWAQLSEVLSWQFSSVTKRGLNVDQLNMLGEKLLGPNASPDGLIPWTRFCKENINDKNFPFWLWIESILELIKKHLLPLWNDGCIMGFISKERERALLKDQQPGTFLLRFSESSREGAITFTWVERSQNGGEPDFHAVEPYTKKELSAVTFPDIIRNYKVMAAENIPENPLKYLYPNIDKDHAFGKYYSRPKEAPEPMELDGPKGTGYIKTELISVSEVHPSRLQTTDNLLPMSPEEFDEVSRIVGSVEFDSMMNTV,1BF5;1YVL;2KA6;3WWT;7NUF;8D3F,SH2,STAT_TF_prot_interaction:IPR013799:2:122;STAT_TF_alpha:IPR013800:144:308;STAT_TF_DNA-bd:IPR013801:322:458;STAT_linker:IPR048988:481:558;SH2:IPR000980:573:670;STAT1_TAZ2-bd_C:IPR022752:715:738,STAT_TF_prot_interaction|STAT_TF_alpha|STAT_TF_DNA-bd|STAT_linker|SH2|STAT1_TAZ2-bd_C
P42226,STAT6,Homo sapiens,SH2:517:632,MSLWGLVSKMPPEKVQRLYVDFPQHLRHLLGDWLESQPWEFLVGSDAFCCNLASALLSDTVQHLQASVGEQGEGSTILQHISTLESIYQRDPLKLVATFRQILQGEKKAVMEQFRHLPMPFHWKQEELKFKTGLRRLQHRVGEIHLLREALQKGAEAGQVSLHSLIETPANGTGPSEALAMLLQETTGELEAAKALVLKRIQIWKRQQQLAGNGAPFEESLAPLQERCESLVDIYSQLQQEVGAAGGELEPKTRASLTGRLDEVLRTLVTSCFLVEKQPPQVLKTQTKFQAGVRFLLGLRFLGAPAKPPLVRADMVTEKQARELSVPQGPGAGAESTGEIINNTVPLENSIPGNCCSALFKNLLLKKIKRCERKGTESVTEEKCAVLFSASFTLGPGKLPIQLQALSLPLVVIVHGNQDNNAKATILWDNAFSEMDRVPFVVAERVPWEKMCETLNLKFMAEVGTNRGLLPEHFLFLAQKIFNDNSLSMEAFQHRSVSWSQFNKEILLGRGFTFWQWFDGVLDLTKRCLRSYWSDRLIIGFISKQYVTSLLLNEPDGTFLLRFSDSEIGGITIAHVIRGQDGSPQIENIQPFSAKDLSIRSLGDRIRDLAQLKNLYPKKPKDEAFRSHYKPEQMGKDGRGYVPATIKMTVERDQPLPTPELQMPTMVPSYDLGMAPDSSMSMQLGPDMVPQVYPPHSHSIPPYQGLSPEESVNVLSAFQEPHLQMPPSLGQMSLPFDQPHPQGLLPCQPQEHAVSSPDPLLCSDVTMVEDSCLSQPVTAFPQGTWIGEDIFPPLLPPTEQDLTKLLLEGQGESGGGSLGAQPLLQPSHYGQSGISMSHMDLRANPSW,1OJ5;4Y5U;4Y5W;5D39;5NWM;5NWX,SH2,STAT_TF_prot_interaction:IPR013799:2:116;STAT_TF_alpha:IPR013800:182:242;STAT_TF_DNA-bd:IPR013801:277:413;STAT_linker:IPR048988:436:518;SH2:IPR000980:517:632;STAT6_C:IPR028187:655:847,STAT_TF_prot_interaction|STAT_TF_alpha|STAT_TF_DNA-bd|STAT_linker|SH2|STAT6_C
P42229,STAT5A,Homo sapiens,SH2:589:686,MAGWIQAQQLQGDALRQMQVLYGQHFPIEVRHYLAQWIESQPWDAIDLDNPQDRAQATQLLEGLVQELQKKAEHQVGEDGFLLKIKLGHYATQLQKTYDRCPLELVRCIRHILYNEQRLVREANNCSSPAGILVDAMSQKHLQINQTFEELRLVTQDTENELKKLQQTQEYFIIQYQESLRIQAQFAQLAQLSPQERLSRETALQQKQVSLEAWLQREAQTLQQYRVELAEKHQKTLQLLRKQQTIILDDELIQWKRRQQLAGNGGPPEGSLDVLQSWCEKLAEIIWQNRQQIRRAEHLCQQLPIPGPVEEMLAEVNATITDIISALVTSTFIIEKQPPQVLKTQTKFAATVRLLVGGKLNVHMNPPQVKATIISEQQAKSLLKNENTRNECSGEILNNCCVMEYHQATGTLSAHFRNMSLKRIKRADRRGAESVTEEKFTVLFESQFSVGSNELVFQVKTLSLPVVVIVHGSQDHNATATVLWDNAFAEPGRVPFAVPDKVLWPQLCEALNMKFKAEVQSNRGLTKENLVFLAQKLFNNSSSHLEDYSGLSVSWSQFNRENLPGWNYTFWQWFDGVMEVLKKHHKPHWNDGAILGFVNKQQAHDLLINKPDGTFLLRFSDSEIGGITIAWKFDSPERNLWNLKPFTTRDFSIRSLADRLGDLSYLIYVFPDRPKDEVFSKYYTPVLAKAVDGYVKPQIKQVVPEFVNASADAGGSSATYMDQAPSPAVCPQAPYNMYPQNPDHVLDQDGEFDLDETMDVARHVEELLRRPMDSLDSRLSPPAGLFTSARGSLS,7TVA;7TVB;7UBT;7UC6;7UC7,SH2,STAT_TF_prot_interaction:IPR013799:2:126;STAT_TF_alpha:IPR013800:146:324;STAT_TF_DNA-bd:IPR013801:336:469;STAT_linker:IPR048988:492:574;SH2:IPR000980:587:700,STAT_TF_prot_interaction|STAT_TF_alpha|STAT_TF_DNA-bd|STAT_linker|SH2
P42679,MATK,Homo sapiens,SH3:48:110;SH2:122:211;Protein kinase:235:482,MAGRGSLVSWRAFHGCDSAEELPRVSPRFLRAWHPPPVSARMPTRRWAPGTQCITKCEHTRPKPGELAFRKGDVVTILEACENKSWYRVKHHTSGQEGLLAAGALREREALSADPKLSLMPWFHGKISGQEAVQQLQPPEDGLFLVRESARHPGDYVLCVSFGRDVIHYRVLHRDGHLTIDEAVFFCNLMDMVEHYSKDKGAICTKLVRPKRKHGTKSAEEELARAGWLLNLQHLTLGAQIGEGEFGAVLQGEYLGQKVAVKNIKCDVTAQAFLDETAVMTKMQHENLVRLLGVILHQGLYIVMEHVSKGNLVNFLRTRGRALVNTAQLLQFSLHVAEGMEYLESKKLVHRDLAARNILVSEDLVAKVSDFGLAKAERKGLDSSRLPVKWTAPEALKHGKFTSKSDVWSFGVLLWEVFSYGRAPYPKMSLKEVSEAVEKGYRMEPPEGCPGPVHVLMSSCWEAEPARRPPFRKLAEKLARELRSAGAPASVSGQDADGSTSPRSQEP,1JWO;1X6G;3US4,SH3|SH2|Protein kinase,SH3_domain:IPR001452:48:110;SH2:IPR000980:120:211;Prot_kinase_dom:IPR000719:235:482,SH3_domain|SH2|Prot_kinase_dom
P42680,TEC,Homo sapiens,PH:4:111;SH3:179:239;SH2:247:345;Protein kinase:370:623,MNFNTILEEILIKRSQQKKKTSPLNYKERLFVLTKSMLTYYEGRAEKKYRKGFIDVSKIKCVEIVKNDDGVIPCQNKYPFQVVHDANTLYIFAPSPQSRDLWVKKLKEEIKNNNNIMIKYHPKFWTDGSYQCCRQTEKLAPGCEKYNLFESSIRKALPPAPETKKRRPPPPIPLEEEDNSEEIVVAMYDFQAAEGHDLRLERGQEYLILEKNDVHWWRARDKYGNEGYIPSNYVTGKKSNNLDQYEWYCRNMNRSKAEQLLRSEDKEGGFMVRDSSQPGLYTVSLYTKFGGEGSSGFRHYHIKETTTSPKKYYLAEKHAFGSIPEIIEYHKHNAAGLVTRLRYPVSVKGKNAPTTAGFSYEKWEINPSELTFMRELGSGLFGVVRLGKWRAQYKVAIKAIREGAMCEEDFIEEAKVMMKLTHPKLVQLYGVCTQQKPIYIVTEFMERGCLLNFLRQRQGHFSRDVLLSMCQDVCEGMEYLERNSFIHRDLAARNCLVSEAGVVKVSDFGMARYVLDDQYTSSSGAKFPVKWCPPEVFNYSRFSSKSDVWSFGVLMWEVFTEGRMPFEKYTNYEVVTMVTRGHRLYQPKLASNYVYEVMLRCWQEKPEGRPSFEDLLRTIDELVECEETFGR,2LUL,PH|SH3|SH2|Protein kinase,PH_domain:IPR001849:4:113;SH3_domain:IPR001452:179:239;SH2:IPR000980:245:345;Prot_kinase_dom:IPR000719:370:623,PH_domain|SH3_domain|SH2|Prot_kinase_dom
P42681,TXK,Homo sapiens,SH3:82:142;SH2:150:246;Protein kinase:271:527,MILSSYNTIQSVFCCCCCCSVQKRQMRTQISLSTDEELPEKYTQRRRPWLSQLSNKKQSNTGRVQPSKRKPLPPLPPSEVAEEKIQVKALYDFLPREPCNLALRRAEEYLILEKYNPHWWKARDRLGNEGLIPSNYVTENKITNLEIYEWYHRNITRNQAEHLLRQESKEGAFIVRDSRHLGSYTISVFMGARRSTEAAIKHYQIKKNDSGQWYVAERHAFQSIPELIWYHQHNAAGLMTRLRYPVGLMGSCLPATAGFSYEKWEIDPSELAFIKEIGSGQFGVVHLGEWRSHIQVAIKAINEGSMSEEDFIEEAKVMMKLSHSKLVQLYGVCIQRKPLYIVTEFMENGCLLNYLRENKGKLRKEMLLSVCQDICEGMEYLERNGYIHRDLAARNCLVSSTCIVKISDFGMTRYVLDDEYVSSFGAKFPIKWSPPEVFLFNKYSSKSDVWSFGVLMWEVFTEGKMPFENKSNLQVVEAISEGFRLYRPHLAPMSIYEVMYSCWHEKPEGRPTFAELLRAVTEIAETW,2DM0,SH3|SH2|Protein kinase,SH3_domain:IPR001452:82:142;SH2:IPR000980:148:246;Prot_kinase_dom:IPR000719:271:527,SH3_domain|SH2|Prot_kinase_dom
P42684,ABL2,Homo sapiens,SH3:107:167;SH2:173:263;Protein kinase:288:539,MGQQVGRVGEAPGLQQPQPRGIRGSSAARPSGRRRDPAGRTTETGFNIFTQHDHFASCVEDGFEGDKTGGSSPEALHRPYGCDVEPQALNEAIRWSSKENLLGATESDPNLFVALYDFVASGDNTLSITKGEKLRVLGYNQNGEWSEVRSKNGQGWVPSNYITPVNSLEKHSWYHGPVSRSAAEYLLSSLINGSFLVRESESSPGQLSISLRYEGRVYHYRINTTADGKVYVTAESRFSTLAELVHHHSTVADGLVTTLHYPAPKCNKPTVYGVSPIHDKWEMERTDITMKHKLGGGQYGEVYVGVWKKYSLTVAVKTLKEDTMEVEEFLKEAAVMKEIKHPNLVQLLGVCTLEPPFYIVTEYMPYGNLLDYLRECNREEVTAVVLLYMATQISSAMEYLEKKNFIHRDLAARNCLVGENHVVKVADFGLSRLMTGDTYTAHAGAKFPIKWTAPESLAYNTFSIKSDVWAFGVLLWEIATYGMSPYPGIDLSQVYDLLEKGYRMEQPEGCPPKVYELMRACWKWSPADRPSFAETHQAFETMFHDSSISEEVAEELGRAASSSSVVPYLPRLPILPSKTRTLKKQVENKENIEGAQDATENSASSLAPGFIRGAQASSGSPALPRKQRDKSPSSLLEDAKETCFTRDRKGGFFSSFMKKRNAPTPPKRSSSFREMENQPHKKYELTGNFSSVASLQHADGFSFTPAQQEANLVPPKCYGGSFAQRNLCNDDGGGGGGSGTAGGGWSGITGFFTPRLIKKTLGLRAGKPTASDDTSKPFPRSNSTSSMSSGLPEQDRMAMTLPRNCQRSKLQLERTVSTSSQPEENVDRANDMLPKKSEESAAPSRERPKAKLLPRGATALPLRTPSGDLAITEKDPPGVGVAGVAAAPKGKEKNGGARLGMAGVPEDGEQPGWPSPAKAAPVLPTTHNHKVPVLISPTLKHTPADVQLIGTDSQGNKFKLLSEHQVTSSGDKDRPRRVKPKCAPPPPPVMRLLQHPSICSDPTEEPTALTAGQSTSETQEGGKKAALGAVPISGKAGRPVMPPPQVPLPTSSISPAKMANGTAGTKVALRKTKQAAEKISADKISKEALLECADLLSSALTEPVPNSQLVDTGHQLLDYCSGYVDCIPQTRNKFAFREAVSKLELSLQELQVSSAAAGVPGTNPVLNNLLSCVQEISDVVQR,2ECD;2KK1;2XYN;3GVU;3HMI;3ULR;4EIH;5NP3;5NP5,SH3|SH2|Protein kinase,SH3_domain:IPR001452:107:167;SH2:IPR000980:171:263;Prot_kinase_dom:IPR000719:288:539;F-actin-binding:IPR015015:1061:1182,SH3_domain|SH2|Prot_kinase_dom|F-actin-binding
P42685,FRK,Homo sapiens,SH3:42:110;SH2:116:208;Protein kinase:234:491,MSNICQRLWEYLEPYLPCLSTEADKSTVIENPGALCSPQSQRHGHYFVALFDYQARTAEDLSFRAGDKLQVLDTLHEGWWFARHLEKRRDGSSQQLQGYIPSNYVAEDRSLQAEPWFFGAIGRSDAEKQLLYSENKTGSFLIRESESQKGEFSLSVLDGAVVKHYRIKRLDEGGFFLTRRRIFSTLNEFVSHYTKTSDGLCVKLGKPCLKIQVPAPFDLSYKTVDQWEIDRNSIQLLKRLGSGQFGEVWEGLWNNTTPVAVKTLKPGSMDPNDFLREAQIMKNLRHPKLIQLYAVCTLEDPIYIITELMRHGSLQEYLQNDTGSKIHLTQQVDMAAQVASGMAYLESRNYIHRDLAARNVLVGEHNIYKVADFGLARVFKVDNEDIYESRHEIKLPVKWTAPEAIRSNKFSIKSDVWSFGILLYEIITYGKMPYSGMTGAQVIQMLAQNYRLPQPSNCPQQFYNIMLECWNAEPKERPTFETLRWKLEDYFETDSSYSDANNFIR,,SH3|SH2|Protein kinase,SH3_domain:IPR001452:42:110;SH2:IPR000980:114:208;Prot_kinase_dom:IPR000719:234:491,SH3_domain|SH2|Prot_kinase_dom
P43403,ZAP70,Homo sapiens,SH2 1:10:102;SH2 2:163:254;Protein kinase:338:600,MPDPAAHLPFFYGSISRAEAEEHLKLAGMADGLFLLRQCLRSLGGYVLSLVHDVRFHHFPIERQLNGTYAIAGGKAHCGPAELCEFYSRDPDGLPCNLRKPCNRPSGLEPQPGVFDCLRDAMVRDYVRQTWKLEGEALEQAIISQAPQVEKLIATTAHERMPWYHSSLTREEAERKLYSGAQTDGKFLLRPRKEQGTYALSLIYGKTVYHYLISQDKAGKYCIPEGTKFDTLWQLVEYLKLKADGLIYCLKEACPNSSASNASGAAAPTLPAHPSTLTHPQRRIDTLNSDGYTPEPARITSPDKPRPMPMDTSVYESPYSDPEELKDKKLFLKRDNLLIADIELGCGNFGSVRQGVYRMRKKQIDVAIKVLKQGTEKADTEEMMREAQIMHQLDNPYIVRLIGVCQAEALMLVMEMAGGGPLHKFLVGKREEIPVSNVAELLHQVSMGMKYLEEKNFVHRDLAARNVLLVNRHYAKISDFGLSKALGADDSYYTARSAGKWPLKWYAPECINFRKFSSRSDVWSYGVTMWEALSYGQKPYKKMKGPEVMAFIEQGKRMECPPECPPELYALMSDCWIYKWEDRPDFLTVEQRMRACYYSLASKVEGPPGSTQKAEAACA,1FBV;1M61;1U59;2CBL;2OQ1;2OZO;2Y1N;3ZNI;4A4B;4A4C;4K2R;4XZ0;4XZ1;5O76;7SIY,SH2 1|SH2 2|Protein kinase,SH2:IPR000980:8:102;SH2:IPR000980:161:254;Prot_kinase_dom:IPR000719:338:600,SH2|SH2|Prot_kinase_dom
P43405,SYK,Homo sapiens,SH2 1:15:107;SH2 2:168:259;Protein kinase:371:631,MASSGMADSANHLPFFFGNITREEAEDYLVQGGMSDGLYLLRQSRNYLGGFALSVAHGRKAHHYTIERELNGTYAIAGGRTHASPADLCHYHSQESDGLVCLLKKPFNRPQGVQPKTGPFEDLKENLIREYVKQTWNLQGQALEQAIISQKPQLEKLIATTAHEKMPWFHGKISREESEQIVLIGSKTNGKFLIRARDNNGSYALCLLHEGKVLHYRIDKDKTGKLSIPEGKKFDTLWQLVEHYSYKADGLLRVLTVPCQKIGTQGNVNFGGRPQLPGSHPATWSAGGIISRIKSYSFPKPGHRKSSPAQGNRQESTVSFNPYEPELAPWAADKGPQREALPMDTEVYESPYADPEEIRPKEVYLDRKLLTLEDKELGSGNFGTVKKGYYQMKKVVKTVAVKILKNEANDPALKDELLAEANVMQQLDNPYIVRMIGICEAESWMLVMEMAELGPLNKYLQQNRHVKDKNIIELVHQVSMGMKYLEESNFVHRDLAARNVLLVTQHYAKISDFGLSKALRADENYYKAQTHGKWPVKWYAPECINYYKFSSKSDVWSFGVLMWEAFSYGQKPYRGMKGSEVTAMLEKGERMGCPAGCPREMYDLMNLCWTYDVENRPGFAAVELRLRNYYYDVVN,1A81;1CSY;1CSZ;1XBA;1XBB;1XBC;3BUW;3EMG;3FQE;3FQH;3FQS;3SRV;3TUB;3TUC;3TUD;3VF8;3VF9;4DFL;4DFN;4F4P;4FL1;4FL2;4FL3;4FYN;4FYO;4FZ6;4FZ7;4GFG;4I0R;4I0S;4I0T;4PUZ;4PV0;4PX6;4RSS;4RX7;4RX8;4RX9;4WNM;4XG2;4XG3;4XG4;4XG6;4XG7;4XG8;4XG9;4YJO;4YJP;4YJQ;4YJR;4YJS;4YJT;4YJU;4YJV;5C26;5C27;5CXH;5CXZ;5CY3;5GHV;5LMA;5LMB;5T68;5TIU;5TR6;5TT7;5Y5T;5Y5U;6HM6;6HM7;6SSB;6VOV;6ZC0;6ZCP;6ZCQ;6ZCR;6ZCS;6ZCU;6ZCX;6ZCY;7Q5T;7Q5U;7Q5W;7Q63;7SA7;8BI2;8X5K,SH2 1|SH2 2|Protein kinase,SH2:IPR000980:13:107;SH2:IPR000980:166:259;Prot_kinase_dom:IPR000719:371:631,SH2|SH2|Prot_kinase_dom
P46108,CRK,Homo sapiens,SH2:13:118;SH3 1:132:192;SH3 2:235:296,MAGNFDSEERSSWYWGRLSRQEAVALLQGQRHGVFLVRDSSTSPGDYVLSVSENSRVSHYIINSSGPRPPVPPSPAQPPPGVSPSRLRIGDQEFDSLPALLEFYKIHYLDTTTLIEPVSRSRQGSGVILRQEEAEYVRALFDFNGNDEEDLPFKKGDILRIRDKPEEQWWNAEDSEGKRGMIPVPYVEKYRPASASVSALIGGNQEGSHPQPLGGPEPGPYAQPSVNTPLPNLQNGPIYARVIQKRVPNAYDKTALALEVGELVKVTKINVSGQWEGECNGKRGHFPFTHVRLLDQQNPDEDFS,1JU5;2DVJ;2EYV;2EYW;2EYX;2EYY;2EYZ;2MS4;5UL6;6ATV,SH2|SH3 1|SH3 2,SH2:IPR000980:11:118;SH3_domain:IPR001452:132:192;SH3_domain:IPR001452:235:296,SH2|SH3_domain|SH3_domain
P46109,CRKL,Homo sapiens,SH2:14:102;SH3 1:123:183;SH3 2:235:296,MSSARFDSSDRSAWYMGPVSRQEAQTRLQGQRHGMFLVRDSSTCPGDYVLSVSENSRVSHYIINSLPNRRFKIGDQEFDHLPALLEFYKIHYLDTTTLIEPAPRYPSPPMGSVSAPNLPTAEDNLEYVRTLYDFPGNDAEDLPFKKGEILVIIEKPEEQWWSARNKDGRVGMIPVPYVEKLVRSSPHGKHGNRNSNSYGIPEPAHAYAQPQTTTPLPAVSGSPGAAITPLPSTQNGPVFAKAIQKRVPCAYDKTALALEVGDIVKVTRMNINGQWEGEVNGRKGLFPFTHVKIFDPQNPDENE,2BZX;2BZY;2DBK;2EO3;2LQN;2LQW,SH2|SH3 1|SH3 2,SH2:IPR000980:12:102;SH3_domain:IPR001452:123:183;SH3_domain:IPR001452:235:296,SH2|SH3_domain|SH3_domain
P51451,BLK,Homo sapiens,SH3:58:118;SH2:124:220;Protein kinase:241:494,MGLVSSKKPDKEKPIKEKDKGQWSPLKVSAQDKDAPPLPPLVVFNHLTPPPPDEHLDEDKHFVVALYDYTAMNDRDLQMLKGEKLQVLKGTGDWWLARSLVTGREGYVPSNFVARVESLEMERWFFRSQGRKEAERQLLAPINKAGSFLIRESETNKGAFSLSVKDVTTQGELIKHYKIRCLDEGGYYISPRITFPSLQALVQHYSKKGDGLCQRLTLPCVRPAPQNPWAQDEWEIPRQSLRLVRKLGSGQFGEVWMGYYKNNMKVAIKTLKEGTMSPEAFLGEANVMKALQHERLVRLYAVVTKEPIYIVTEYMARGCLLDFLKTDEGSRLSLPRLIDMSAQIAEGMAYIERMNSIHRDLRAANILVSEALCCKIADFGLARIIDSEYTAQEGAKFPIKWTAPEAIHFGVFTIKADVWSFGVLLMEVVTYGRVPYPGMSNPEVIRNLERGYRMPRPDTCPPELYRGVIAECWRSRPEERPTFEFLQSVLEDFYTATERQYELQP,,SH3|SH2|Protein kinase,SH3_domain:IPR001452:58:118;SH2:IPR000980:122:220;Prot_kinase_dom:IPR000719:241:494,SH3_domain|SH2|Prot_kinase_dom
P51692,STAT5B,Homo sapiens,SH2:589:686,MAVWIQAQQLQGEALHQMQALYGQHFPIEVRHYLSQWIESQAWDSVDLDNPQENIKATQLLEGLVQELQKKAEHQVGEDGFLLKIKLGHYATQLQNTYDRCPMELVRCIRHILYNEQRLVREANNGSSPAGSLADAMSQKHLQINQTFEELRLVTQDTENELKKLQQTQEYFIIQYQESLRIQAQFGPLAQLSPQERLSRETALQQKQVSLEAWLQREAQTLQQYRVELAEKHQKTLQLLRKQQTIILDDELIQWKRRQQLAGNGGPPEGSLDVLQSWCEKLAEIIWQNRQQIRRAEHLCQQLPIPGPVEEMLAEVNATITDIISALVTSTFIIEKQPPQVLKTQTKFAATVRLLVGGKLNVHMNPPQVKATIISEQQAKSLLKNENTRNDYSGEILNNCCVMEYHQATGTLSAHFRNMSLKRIKRSDRRGAESVTEEKFTILFESQFSVGGNELVFQVKTLSLPVVVIVHGSQDNNATATVLWDNAFAEPGRVPFAVPDKVLWPQLCEALNMKFKAEVQSNRGLTKENLVFLAQKLFNNSSSHLEDYSGLSVSWSQFNRENLPGRNYTFWQWFDGVMEVLKKHLKPHWNDGAILGFVNKQQAHDLLINKPDGTFLLRFSDSEIGGITIAWKFDSQERMFWNLMPFTTRDFSIRSLADRLGDLNYLIYVFPDRPKDEVYSKYYTPVPCESATAKAVDGYVKPQIKQVVPEFVNASADAGGGSATYMDQAPSPAVCPQAHYNMYPQNPDSVLDTDGDFDLEDTMDVARRVEELLGRPMDSQWIPHAQS,6MBW;6MBZ,SH2,STAT_TF_prot_interaction:IPR013799:2:126;STAT_TF_alpha:IPR013800:146:324;STAT_TF_DNA-bd:IPR013801:336:469;STAT_linker:IPR048988:492:574;SH2:IPR000980:587:705,STAT_TF_prot_interaction|STAT_TF_alpha|STAT_TF_DNA-bd|STAT_linker|SH2
P51813,BMX,Homo sapiens,PH:4:111;SH2:296:392;Protein kinase:417:675,MDTKSILEELLLKRSQQKKKMSPNNYKERLFVLTKTNLSYYEYDKMKRGSRKGSIEIKKIRCVEKVNLEEQTPVERQYPFQIVYKDGLLYVYASNEESRSQWLKALQKEIRGNPHLLVKYHSGFFVDGKFLCCQQSCKAAPGCTLWEAYANLHTAVNEEKHRVPTFPDRVLKIPRAVPVLKMDAPSSSTTLAQYDNESKKNYGSQPPSSSTSLAQYDSNSKKIYGSQPNFNMQYIPREDFPDWWQVRKLKSSSSSEDVASSNQKERNVNHTTSKISWEFPESSSSEEEENLDDYDWFAGNISRSQSEQLLRQKGKEGAFMVRNSSQVGMYTVSLFSKAVNDKKGTVKHYHVHTNAENKLYLAENYCFDSIPKLIHYHQHNSAGMITRLRHPVSTKANKVPDSVSLGNGIWELKREEITLLKELGSGQFGVVQLGKWKGQYDVAVKMIKEGSMSEDEFFQEAQTMMKLSHPKLVKFYGVCSKEYPIYIVTEYISNGCLLNYLRSHGKGLEPSQLLEMCYDVCEGMAFLESHQFIHRDLAARNCLVDRDLCVKVSDFGMTRYVLDDQYVSSVGTKFPVKWSAPEVFHYFKYSSKSDVWAFGILMWEVFSLGKQPYDLYDNSQVVLKVSQGHRLYRPHLASDTIYQIMYSCWHELPEKRPTFQQLLSSIEPLREKDKH,2EKX;2YS2;3SXR;3SXS;6I99;8X2A,PH|SH2|Protein kinase,PH_domain:IPR001849:4:113;SH2:IPR000980:294:392;Prot_kinase_dom:IPR000719:417:675,PH_domain|SH2|Prot_kinase_dom
P52333,JAK3,Homo sapiens,FERM:24:356;SH2 atypical:375:475;Protein kinase 1:521:781;Protein kinase 2:822:1111,MAPPSEETPLIPQRSCSLLSTEAGALHVLLPARGPGPPQRLSFSFGDHLAEDLCVQAAKASGILPVYHSLFALATEDLSCWFPPSHIFSVEDASTQVLLYRIRFYFPNWFGLEKCHRFGLRKDLASAILDLPVLEHLFAQHRSDLVSGRLPVGLSLKEQGECLSLAVLDLARMAREQAQRPGELLKTVSYKACLPPSLRDLIQGLSFVTRRRIRRTVRRALRRVAACQADRHSLMAKYIMDLERLDPAGAAETFHVGLPGALGGHDGLGLLRVAGDGGIAWTQGEQEVLQPFCDFPEIVDISIKQAPRVGPAGEHRLVTVTRTDNQILEAEFPGLPEALSFVALVDGYFRLTTDSQHFFCKEVAPPRLLEEVAEQCHGPITLDFAINKLKTGGSRPGSYVLRRSPQDFDSFLLTVCVQNPLGPDYKGCLIRRSPTGTFLLVGLSRPHSSLRELLATCWDGGLHVDGVAVTLTSCCIPRPKEKSNLIVVQRGHSPPTSSLVQPQSQYQLSQMTFHKIPADSLEWHENLGHGSFTKIYRGCRHEVVDGEARKTEVLLKVMDAKHKNCMESFLEAASLMSQVSYRHLVLLHGVCMAGDSTMVQEFVHLGAIDMYLRKRGHLVPASWKLQVVKQLAYALNYLEDKGLPHGNVSARKVLLAREGADGSPPFIKLSDPGVSPAVLSLEMLTDRIPWVAPECLREAQTLSLEADKWGFGATVWEVFSGVTMPISALDPAKKLQFYEDRQQLPAPKWTELALLIQQCMAYEPVQRPSFRAVIRDLNSLISSDYELLSDPTPGALAPRDGLWNGAQLYACQDPTIFEERHLKYISQLGKGNFGSVELCRYDPLGDNTGALVAVKQLQHSGPDQQRDFQREIQILKALHSDFIVKYRGVSYGPGRQSLRLVMEYLPSGCLRDFLQRHRARLDASRLLLYSSQICKGMEYLGSRRCVHRDLAARNILVESEAHVKIADFGLAKLLPLDKDYYVVREPGQSPIFWYAPESLSDNIFSRQSDVWSFGVVLYELFTYCDKSCSPSAEFLRMMGCERDVPALCRLLELLEEGQRLPAPPACPAEVHELMKLCWAPSPQDRPSFSALGPQLDMLWSGSRGCETHAFTAHPEGKHHSLSFS,1YVJ;3LXK;3LXL;3PJC;3ZC6;3ZEP;4HVD;4HVG;4HVH;4HVI;4I6Q;4QPS;4QT1;4RIO;4V0G;4Z16;5LWM;5LWN;5TOZ;5TTS;5TTU;5TTV;5VO6;5W86;5WFJ;6AAK;6DA4;6DB3;6DB4;6DUD;6GL9;6GLA;6GLB;6HZV;6NY4;7APF;7APG;7C3N;7Q6H;7UYV;8EXM,FERM|SH2 atypical|Protein kinase 1|Protein kinase 2,FERM_domain:IPR000299:24:356;SH2:IPR000980:373:463;Prot_kinase_dom:IPR000719:521:781;Prot_kinase_dom:IPR000719:822:1111,FERM_domain|SH2|Prot_kinase_dom|Prot_kinase_dom
P52630,STAT2,Homo sapiens,SH2:572:667,MAQWEMLQNLDSPFQDQLHQLYSHSLLPVDIRQYLAVWIEDQNWQEAALGSDDSKATMLFFHFLDQLNYECGRCSQDPESLLLQHNLRKFCRDIQPFSQDPTQLAEMIFNLLLEEKRILIQAQRAQLEQGEPVLETPVESQQHEIESRILDLRAMMEKLVKSISQLKDQQDVFCFRYKIQAKGKTPSLDPHQTKEQKILQETLNELDKRRKEVLDASKALLGRLTTLIELLLPKLEEWKAQQQKACIRAPIDHGLEQLETWFTAGAKLLFHLRQLLKELKGLSCLVSYQDDPLTKGVDLRNAQVTELLQRLLHRAFVVETQPCMPQTPHRPLILKTGSKFTVRTRLLVRLQEGNESLTVEVSIDRNPPQLQGFRKFNILTSNQKTLTPEKGQSQGLIWDFGYLTLVEQRSGGSGKGSNKGPLGVTEELHIISFTVKYTYQGLKQELKTDTLPVVIISNMNQLSIAWASVLWFNLLSPNLQNQQFFSNPPKAPWSLLGPALSWQFSSYVGRGLNSDQLSMLRNKLFGQNCRTEDPLLSWADFTKRESPPGKLPFWTWLDKILELVHDHLKDLWNDGRIMGFVSRSQERRLLKKTMSGTFLLRFSESSEGGITCSWVEHQDDDKVLIYSVQPYTKEVLQSLPLTEIIRHYQLLTEENIPENPLRFLYPRIPRDEAFGCYYQEKVNLQERRKYLKHRLIVVSNRQVDELQQPLELKPEPELESLELELGLVPEPELSLDLEPLLKAGLDLGPELESVLESTLEPVIEPTLCMVSQTVPEPDQGPVSQPVPEPDLPCDLRHLNTEPMEIFRNCVKIEEIMPNGDPLLAGQNTVDEVYVSRPSHFYTDGPLMPSDF,2KA4;6UX2;6WCZ;8T12;8T13,SH2,STAT_TF_prot_interaction:IPR013799:2:125;STAT_TF_alpha:IPR013800:146:308;STAT_TF_DNA-bd:IPR013801:321:456;STAT_linker:IPR048988:482:557;SH2:IPR000980:570:667;STAT2_C:IPR022756:783:838,STAT_TF_prot_interaction|STAT_TF_alpha|STAT_TF_DNA-bd|STAT_linker|SH2|STAT2_C
P52735,VAV2,Homo sapiens,Calponin-homology (CH):1:120;DH:198:376;PH:405:512;SH3 1:586:652;SH2:673:767;SH3 2:816:877,MEQWRQCGRWLIDCKVLPPNHRVVWPSAVVFDLAQALRDGVLLCQLLHNLSPGSIDLKDINFRPQMSQFLCLKNIRTFLKVCHDKFGLRNSELFDPFDLFDVRDFGKVISAVSRLSLHSIAQNKGIRPFPSEETTENDDDVYRSLEELADEHDLGEDIYDCVPCEDGGDDIYEDIIKVEVQQPMIRYMQKMGMTEDDKRNCCLLEIQETEAKYYRTLEDIEKNYMSPLRLVLSPADMAAVFINLEDLIKVHHSFLRAIDVSVMVGGSTLAKVFLDFKERLLIYGEYCSHMEHAQNTLNQLLASREDFRQKVEECTLKVQDGKFKLQDLLVVPMQRVLKYHLLLKELLSHSAERPERQQLKEALEAMQDLAMYINEVKRDKETLRKISEFQSSIENLQVKLEEFGRPKIDGELKVRSIVNHTKQDRYLFLFDKVVIVCKRKGYSYELKEIIELLFHKMTDDPMNNKDVKKSHGKMWSYGFYLIHLQGKQGFQFFCKTEDMKRKWMEQFEMAMSNIKPDKANANHHSFQMYTFDKTTNCKACKMFLRGTFYQGYMCTKCGVGAHKECLEVIPPCKFTSPADLDASGAGPGPKMVAMQNYHGNPAPPGKPVLTFQTGDVLELLRGDPESPWWEGRLVQTRKSGYFPSSSVKPCPVDGRPPISRPPSREIDYTAYPWFAGNMERQQTDNLLKSHASGTYLIRERPAEAERFAISIKFNDEVKHIKVVEKDNWIHITEAKKFDSLLELVEYYQCHSLKESFKQLDTTLKYPYKSRERSASRASSRSPASCASYNFSFLSPQGLSFASQGPSAPFWSVFTPRVIGTAVARYNFAARDMRELSLREGDVVRIYSRIGGDQGWWKGETNGRIGWFPSTYVEEEGIQ,2DLZ;2DM1;2LNW;2LNX;4ROJ;7RNV;7WFY,Calponin-homology (CH)|DH|PH|SH3 1|SH2|SH3 2,CH_dom:IPR001715:1:120;DH-domain:IPR000219:198:376;PH_domain:IPR001849:405:514;PE/DAG-bd:IPR002219:523:572;SH3_domain:IPR001452:586:652;SH2:IPR000980:671:767;SH3_domain:IPR001452:816:877,CH_dom|DH-domain|PH_domain|PE/DAG-bd|SH3_domain|SH2|SH3_domain
P52757,CHN2,Homo sapiens,SH2:59:127;Rho-GAP:277:468,MAASSNSSLSGSSVSSDAEEYQPPIWKSYLYQLQQEAPRPKRIICPREVENRPKYYGREFHGIISREQADELLGGVEGAYILRESQRQPGCYTLALRFGNQTLNYRLFHDGKHFVGEKRFESIHDLVTDGLITLYIETKAAEYISKMTTNPIYEHIGYATLLREKVSRRLSRSKNEPRKTNVTHEEHTAVEKISSLVRRAALTHNDNHFNYEKTHNFKVHTFRGPHWCEYCANFMWGLIAQGVRCSDCGLNVHKQCSKHVPNDCQPDLKRIKKVYCCDLTTLVKAHNTQRPMVVDICIREIEARGLKSEGLYRVSGFTEHIEDVKMAFDRDGEKADISANVYPDINIITGALKLYFRDLPIPVITYDTYSKFIDAAKISNADERLEAVHEVLMLLPPAHYETLRYLMIHLKKVTMNEKDNFMNAENLGIVFGPTLMRPPEDSTLTTLHDMRYQKLIVQILIENEDVLF,1XA6,SH2|Rho-GAP,SH2:IPR000980:57:136;PE/DAG-bd:IPR002219:214:266;RhoGAP_dom:IPR000198:277:468,SH2|PE/DAG-bd|RhoGAP_dom
P62993,GRB2,Homo sapiens,SH3 1:1:58;SH2:60:152;SH3 2:156:215,MEAIAKYDFKATADDELSFKRGDILKVLNEECDQNWYKAELNGKDGFIPKNYIEMKPHPWFFGKIPRAKAEEMLSKQRHDGAFLIRESESAPGDFSLSVKFGNDVQHFKVLRDGAGKYFLWVVKFNSLNELVDYHRSTSVSRNQQIFLRDIEQVPQQPTYVQALFDFDPQEDGELGFRRGDFIHVMDNSDPNWWKGACHGQTGMFPRNYVTPVNRNV,1AZE;1BM2;1BMB;1CJ1;1FHS;1FYR;1GCQ;1GFC;1GFD;1GHU;1GRI;1IO6;1JYQ;1JYR;1JYU;1QG1;1TZE;1X0N;1ZFP;2AOA;2AOB;2H46;2H5K;2HUW;2VVK;2VWF;2W0Z;3C7I;3IMD;3IMJ;3IN7;3IN8;3KFJ;3MXC;3MXY;3N7Y;3N84;3N8M;3OV1;3OVE;3S8L;3S8N;3S8O;3WA4;4P9V;4P9Z;5CDW;6ICG;6ICH;6SDF;6VK2;6WM1;6WO2;7MPH,SH3 1|SH2|SH3 2,SH3_domain:IPR001452:1:58;SH2:IPR000980:58:152;SH3_domain:IPR001452:156:215,SH3_domain|SH2|SH3_domain
P78314,SH3BP2,Homo sapiens,PH:26:130;SH2:457:555,MAAEEMHWPVPMKAIGAQNLLTMPGGVAKAGYLHKKGGTQLQLLKWPLRFVIIHKRCVYYFKSSTSASPQGAFSLSGYNRVMRAAEETTSNNVFPFKIIHISKKHRTWFFSASSEEERKSWMALLRREIGHFHEKKDLPLDTSDSSSDTDSFYGAVERPVDISLSPYPTDNEDYEHDDEDDSYLEPDSPEPGRLEDALMHPPAYPPPPVPTPRKPAFSDMPRAHSFTSKGPGPLLPPPPPKHGLPDVGLAAEDSKRDPLCPRRAEPCPRVPATPRRMSDPPLSTMPTAPGLRKPPCFRESASPSPEPWTPGHGACSTSSAAIMATATSRNCDKLKSFHLSPRGPPTSEPPPVPANKPKFLKIAEEDPPREAAMPGLFVPPVAPRPPALKLPVPEAMARPAVLPRPEKPQLPHLQRSPPDGQSFRSFSFEKPRQPSQADTGGDDSDEDYEKVPLPNSVFVNTTESCEVERLFKATSPRGEPQDGLYCIRNSSTKSGKVLVVWDETSNKVRNYRIFEKDSKFYLEGEVLFVSVGSMVEHYHTHVLPSHQSLLLRHPYGYTGPR,2CR4;3TWR,PH|SH2,PH_domain:IPR001849:26:132;SH2:IPR000980:455:555,PH_domain|SH2
P98077,SHC2,Homo sapiens,PID:147:329;SH2:487:578,MTQGPGGRAPPAPPAPPEPEAPTTFCALLPRMPQWKFAAPGGFLGRGPAAARAAGASGGADPQPEPAGPGGVPALAAAVLGACEPRCAAPCPLPALSRCRGAGSRGSRGGRGAAGSGDAAAAAEWIRKGSFIHKPAHGWLHPDARVLGPGVSYVVRYMGCIEVLRSMRSLDFNTRTQVTREAINRLHEAVPGVRGSWKKKAPNKALASVLGKSNLRFAGMSISIHISTDGLSLSVPATRQVIANHHMPSISFASGGDTDMTDYVAYVAKDPINQRACHILECCEGLAQSIISTVGQAFELRFKQYLHSPPKVALPPERLAGPEESAWGDEEDSLEHNYYNSIPGKEPPLGGLVDSRLALTQPCALTALDQGPSPSLRDACSLPWDVGSTGTAPPGDGYVQADARGPPDHEEHLYVNTQGLDAPEPEDSPKKDLFDMRPFEDALKLHECSVAAGVTAAPLPLEDQWPSPPTRRAPVAPTEEQLRQEPWYHGRMSRRAAERMLRADGDFLVRDSVTNPGQYVLTGMHAGQPKHLLLVDPEGVVRTKDVLFESISHLIDHHLQNGQPIVAAESELHLRGVVSREP,,PID|SH2,PID_Shc-like:IPR006019:138:307;SH2:IPR000980:485:578,PID_Shc-like|SH2
Q06124,PTPN11,Homo sapiens,SH2 1:6:102;SH2 2:112:216;Tyrosine-protein phosphatase:247:517,MTSRRWFHPNITGVEAENLLLTRGVDGSFLARPSKSNPGDFTLSVRRNGAVTHIKIQNTGDYYDLYGGEKFATLAELVQYYMEHHGQLKEKNGDVIELKYPLNCADPTSERWFHGHLSGKEAEKLLTEKGKHGSFLVRESQSHPGDFVLSVRTGDDKGESNDGKSKVTHVMIRCQELKYDVGGGERFDSLTDLVEHYKKNPMVETLGTVLQLKQPLNTTRINAAEIESRVRELSKLAETTDKVKQGFWEEFETLQQQECKLLYSRKEGQRQENKNKNRYKNILPFDHTRVVLHDGDPNEPVSDYINANIIMPEFETKCNNSKPKKSYIATQGCLQNTVNDFWRMVFQENSRVIVMTTKEVERGKSKCVKYWPDEYALKEYGVMRVRNVKESAAHDYTLRELKLSKVGQGNTERTVWQYHFRTWPDHGVPSDPGGVLDFLEEVHHKQESIMDAGPVVVHCSAGIGRTGTFIVIDILIDIIREKGVDCDIDVPKTIQMVRSQRSGMVQTEAQYRFIYMAVQHYIETLQRRIEEEQKSKRKGHEYTNIKYSLADQTSGDQSPLPPCTPTPPCAEMREDSARVYENVGLMQQQKSFR,2SHP;3B7O;3MOW;3O5X;3TKZ;3TL0;3ZM0;3ZM1;3ZM2;3ZM3;4DGP;4DGX;4GWF;4H1O;4H34;4JE4;4JEG;4JMG;4NWF;4NWG;4OHD;4OHE;4OHH;4OHI;4OHL;4PVG;4QSY;4RDD;5BK8;5DF6;5EHP;5EHR;5I6V;5IBM;5IBS;5X7B;5X94;5XZR;6ATD;6BMR;6BMU;6BMV;6BMW;6BMX;6BMY;6BN5;6CMP;6CMQ;6CMR;6CMS;6CRF;6CRG;6MD7;6MD9;6MDA;6MDB;6MDC;6MDD;6R5G;6WU8;7EMN;7JVM;7JVN;7R75;7R7D;7R7I;7R7L;7RCT;7TVJ;7VXG;7XHQ;8B5Y;8CBH;8GWW;8T6D;8T6G;8T7Q;8T8Q;8U7W;8U7X;8WFY,SH2 1|SH2 2|Tyrosine-protein phosphatase,SH2:IPR000980:4:102;SH2:IPR000980:110:216;PTP_cat:IPR000242:246:523,SH2|SH2|PTP_cat
Q06187,BTK,Homo sapiens,PH:3:133;SH3:214:274;SH2:281:377;Protein kinase:402:655,MAAVILESIFLKRSQQKKKTSPLNFKKRLFLLTVHKLSYYEYDFERGRRGSKKGSIDVEKITCVETVVPEKNPPPERQIPRRGEESSEMEQISIIERFPYPFQVVYDEGPLYVFSPTEELRKRWIHQLKNVIRYNSDLVQKYHPCFWIDGQYLCCSQTAKNAMGCQILENRNGSLKPGSSHRKTKKPLPPTPEEDQILKKPLPPEPAAAPVSTSELKKVVALYDYMPMNANDLQLRKGDEYFILEESNLPWWRARDKNGQEGYIPSNYVTEAEDSIEMYEWYSKHMTRSQAEQLLKQEGKEGGFIVRDSSKAGKYTVSVFAKSTGDPQGVIRHYVVCSTPQSQYYLAEKHLFSTIPELINYHQHNSAGLISRLKYPVSQQNKNAPSTAGLGYGSWEIDPKDLTFLKELGTGQFGVVKYGKWRGQYDVAIKMIKEGSMSEDEFIEEAKVMMNLSHEKLVQLYGVCTKQRPIFIITEYMANGCLLNYLREMRHRFQTQQLLEMCKDVCEAMEYLESKQFLHRDLAARNCLVNDQGVVKVSDFGLSRYVLDDEYTSSVGSKFPVRWSPPEVLMYSKFSSKSDIWAFGVLMWEIYSLGKMPYERFTNSETAEHIAQGLRLYRPHLASEKVYTIMYSCWHEKADERPTFKILLSNILDVMDEES,1AWW;1AWX;1B55;1BTK;1BWN;1K2P;1QLY;2GE9;2Z0P;3GEN;3K54;3OCS;3OCT;3P08;3PIX;3PIY;3PIZ;3PJ1;3PJ2;3PJ3;4NWM;4OT5;4OT6;4OTF;4OTQ;4OTR;4RFY;4RFZ;4RG0;4RX5;4YHF;4Z3V;4ZLY;4ZLZ;5BPY;5BQ0;5FBN;5FBO;5J87;5JRS;5KUP;5P9F;5P9G;5P9H;5P9I;5P9J;5P9K;5P9L;5P9M;5T18;5U9D;5VFI;5VGO;5XYZ;5ZZ4;6AUA;6AUB;6BIK;6BKE;6BKH;6BKW;6BLN;6DI0;6DI1;6DI3;6DI5;6DI9;6E4F;6EP9;6HRP;6HRT;6HTF;6J6M;6N9P;6NFH;6NFI;6NZM;6O8I;6OMU;6S90;6TFP;6TSE;6TT2;6TUH;6TVN;6VXQ;6W06;6W07;6W7O;6W8I;6X3N;6X3O;6X3P;6XE4;6YYF;6YYG;6YYK;7KXL;7KXM;7KXN;7KXO;7KXP;7KXQ;7L5O;7L5P;7LTY;7LTZ;7N4Q;7N4R;7N4S;7N5O;7N5R;7N5X;7N5Y;7R60;7R61;7YC9;8DSO;8E2M;8EJB;8FLG;8FLH;8FLL;8FLN;8FLV;8GC7;8GC8;8U2D;8U2E,PH|SH3|SH2|Protein kinase,PH_domain:IPR001849:3:135;SH3_domain:IPR001452:214:274;SH2:IPR000980:279:377;Prot_kinase_dom:IPR000719:402:655,PH_domain|SH3_domain|SH2|Prot_kinase_dom
Q08881,ITK,Homo sapiens,PH:4:111;SH3:171:231;SH2:239:338;Protein kinase:363:615,MNNFILLEEQLIKKSQQKRRTSPSNFKVRFFVLTKASLAYFEDRHGKKRTLKGSIELSRIKCVEIVKSDISIPCHYKYPFQVVHDNYLLYVFAPDRESRQRWVLALKEETRNNNSLVPKYHPNFWMDGKWRCCSQLEKLATGCAQYDPTKNASKKPLPPTPEDNRRPLWEPEETVVIALYDYQTNDPQELALRRNEEYCLLDSSEIHWWRVQDRNGHEGYVPSSYLVEKSPNNLETYEWYNKSISRDKAEKLLLDTGKEGAFMVRDSRTAGTYTVSVFTKAVVSENNPCIKHYHIKETNDNPKRYYVAEKYVFDSIPLLINYHQHNGGGLVTRLRYPVCFGRQKAPVTAGLRYGKWVIDPSELTFVQEIGSGQFGLVHLGYWLNKDKVAIKTIREGAMSEEDFIEEAEVMMKLSHPKLVQLYGVCLEQAPICLVFEFMEHGCLSDYLRTQRGLFAAETLLGMCLDVCEGMAYLEEACVIHRDLAARNCLVGENQVIKVSDFGMTRFVLDDQYTSSTGTKFPVKWASPEVFSFSRYSSKSDVWSFGVLMWEVFSEGKIPYENRSNSEVVEDISTGFRLYKPRLASTHVYQIMNHCWKERPEDRPAFSRLLRQLAEIAESGL,1SM2;1SNU;1SNX;2E6I;2LMJ;2YUQ;3MIY;3MJ1;3MJ2;3QGW;3QGY;3T9T;3V5J;3V5L;3V8T;3V8W;4HCT;4HCU;4HCV;4KIO;4L7S;4M0Y;4M0Z;4M12;4M13;4M14;4M15;4MF0;4MF1;4PP9;4PPA;4PPB;4PPC;4PQN;4QD6;4RFM,PH|SH3|SH2|Protein kinase,PH_domain:IPR001849:4:113;SH3_domain:IPR001452:171:231;SH2:IPR000980:237:338;Prot_kinase_dom:IPR000719:363:615,PH_domain|SH3_domain|SH2|Prot_kinase_dom
Q13094,LCP2,Homo sapiens,SAM:15:81;SH2:422:530,MALRNVPFRSEVLGWDPDSLADYFKKLNYKDCEKAVKKYHIDGARFLNLTENDIQKFPKLRVPILSKLSQEINKNEERRSIFTRKPQVPRFPEETESHEEDNGGWSSFEEDDYESPNDDQDGEDDGDYESPNEEEEAPVEDDADYEPPPSNDEEALQNSILPAKPFPNSNSMYIDRPPSGKTPQQPPVPPQRPMAALPPPPAGRNHSPLPPPQTNHEEPSRSRNHKTAKLPAPSIDRSTKPPLDRSLAPFDREPFTLGKKPPFSDKPSIPAGRSLGEHLPKIQKPPLPPTTERHERSSPLPGKKPPVPKHGWGPDRRENDEDDVHQRPLPQPALLPMSSNTFPSRSTKPSPMNPLPSSHMPGAFSESNSSFPQSASLPPYFSQGPSNRPPIRAEGRNFPLPLPNKPRPPSPAEEENSLNEEWYVSYITRPEAEAALRKINQDGTFLVRDSSKKTTTNPYVLMVLYKDKVYNIQIRYQKESQVYLLGTGLRGKEDFLSVSDIIDYFRKMPLLLIDGKNRGSRYQCTLTHAAGYP,1H3H;1YWO;2EAP;2ROR;6ZCJ,SAM|SH2,SAM:IPR001660:12:78;SH2:IPR000980:420:530,SAM|SH2
Q13239,SLA,Homo sapiens,SH3:22:82;SH2:84:175,MGNSMKSTPAPAERPLPNPEGLDSDFLAVLSDYPSPDISPPIFRRGEKLRVISDEGGWWKAISLSTGRESYIPGICVARVYHGWLFEGLGRDKAEELLQLPDTKVGSFMIRESETKKGFYSLSVRHRQVKHYRIFRLPNNWYYISPRLTFQCLEDLVNHYSEVADGLCCVLTTPCLTQSTAAPAVRASSSPVTLRQKTVDWRRVSRLQEDPEGTENPLGVDESLFSYGLRESIASYLSLTSEDNTSFDRKKKSISLMYGGSKRKSSFFSSPPYFED,2CUD,SH3|SH2,SH3_domain:IPR001452:22:82;SH2:IPR000980:82:175,SH3_domain|SH2
Q13322,GRB10,Homo sapiens,Ras-associating:166:250;PH:290:399;SH2:493:574,MALAGCPDSFLHHPYYQDKVEQTPRSQQDPAGPGLPAQSDRLANHQEDDVDLEALVNDMNASLESLYSACSMQSDTVPLLQNGQHARSQPRASGPPRSIQPQVSPRQRVQRSQPVHILAVRRLQEEDQQFRTSSLPAIPNPFPELCGPGSPPVLTPGSLPPSQAAAKQDVKVFSEDGTSKVVEILADMTARDLCQLLVYKSHCVDDNSWTLVEHHPHLGLERCLEDHELVVQVESTMASESKFLFRKNYAKYEFFKNPMNFFPEQMVTWCQQSNGSQTQLLQNFLNSSSCPEIQGFLHVKELGKKSWKKLYVCLRRSGLYCSTKGTSKEPRHLQLLADLEDSNIFSLIAGRKQYNAPTDHGLCIKPNKVRNETKELRLLCAEDEQTRTCWMTAFRLLKYGMLLYQNYRIPQQRKALLSPFSTPVRSVSENSLVAMDFSGQTGRVIENPAEAQSAALEEGHAWRKRSTRMNILGSQSPLHPSTLSTVIHRTQHWFHGRISREESHRIIKQQGLVDGLFLLRDSQSNPKAFVLTLCHHQKIKNFQILPCEDDGQTFFSLDDGNTKFSDLIQLVDFYQLNKGVLPCKLKHHCIRVAL,1NRV;3HK0,Ras-associating|PH|SH2,RA_dom:IPR000159:166:250;PH_domain:IPR001849:290:401;BPS-dom:IPR015042:425:470;SH2:IPR000980:491:589,RA_dom|PH_domain|BPS-dom|SH2
Q13588,GRAP,Homo sapiens,SH3 1:1:58;SH2:60:154;SH3 2:158:217,MESVALYSFQATESDELAFNKGDTLKILNMEDDQNWYKAELRGVEGFIPKNYIRVKPHPWYSGRISRQLAEEILMKRNHLGAFLIRESESSPGEFSVSVNYGDQVQHFKVLREASGKYFLWEEKFNSLNELVDFYRTTTIAKKRQIFLRDEEPLLKSPGACFAQAQFDFSAQDPSQLSFRRGDIIEVLERPDPHWWRGRSCGRVGFFPRSYVQPVHL,,SH3 1|SH2|SH3 2,SH3_domain:IPR001452:1:58;SH2:IPR000980:58:154;SH3_domain:IPR001452:158:217,SH3_domain|SH2|SH3_domain
Q13671,RIN1,Homo sapiens,SH2:69:163;VPS9:456:598;Ras-associating:624:706,MESPGESGAGSPGAPSPSSFTTGHLAREKPAQDPLYDVPNASGGQAGGPQRPGRVVSLRERLLLTRPVWLQLQANAAAALHMLRTEPPGTFLVRKSNTRQCQALCMRLPEASGPSFVSSHYILESPGGVSLEGSELMFPDLVQLICAYCHTRDILLLPLQLPRAIHHAATHKELEAISHLGIEFWSSSLNIKAQRGPAGGPVLPQLKARSPQELDQGTGAALCFFNPLFPGDLGPTKREKFKRSFKVRVSTETSSPLSPPAVPPPPVPVLPGAVPSQTERLPPCQLLRRESSVGYRVPAGSGPSLPPMPSLQEVDCGSPSSSEEEGVPGSRGSPATSPHLGRRRPLLRSMSAAFCSLLAPERQVGRAAAALMQDRHTAAGQLVQDLLTQVRAGPEPQELQGIRQALSRARAMLSAELGPEKLLSPKRLEHVLEKSLHCSVLKPLRPILAARLRRRLAADGSLGRLAEGLRLARAQGPGAFGSHLSLPSPVELEQVRQKLLQLLRTYSPSAQVKRLLQACKLLYMALRTQEGEGAGADEFLPLLSLVLAHCDLPELLLEAEYMSELLEPSLLTGEGGYYLTSLSASLALLSGLGQAHTLPLSPVQELRRSLSLWEQRRLPATHCFQHLLRVAYQDPSSGCTSKTLAVPPEASIATLNQLCATKFRVTQPNTFGLFLYKEQGYHRLPPGALAHRLPTTGYLVYRRAEWPETQGAVTEEEGSGQSEARSRGEEQGCQGDGDAGVKASPRDIREQSETTAEGGQGQAQEGPAQPGEPEAEGSRAAEE,,SH2|VPS9|Ras-associating,SH2:IPR000980:67:163;VPS9:IPR003123:456:607;RA_dom:IPR000159:624:709,SH2|VPS9|RA_dom
Q13882,PTK6,Homo sapiens,SH3:8:72;SH2:78:170;Protein kinase:191:445,MVSRDQAHLGPKYVGLWDFKSRTDEELSFRAGDVFHVARKEEQWWWATLLDEAGGAVAQGYVPHNYLAERETVESEPWFFGCISRSEAVRRLQAEGNATGAFLIRVSEKPSADYVLSVRDTQAVRHYKIWRRAGGRLHLNEAVSFLSLPELVNYHRAQSLSHGLRLAAPCRKHEPEPLPHWDDWERPREEFTLCRKLGSGYFGEVFEGLWKDRVQVAIKVISRDNLLHQQMLQSEIQAMKKLRHKHILALYAVVSVGDPVYIITELMAKGSLLELLRDSDEKVLPVSELLDIAWQVAEGMCYLESQNYIHRDLAARNILVGENTLCKVGDFGLARLIKEDVYLSHDHNIPYKWTAPEALSRGHYSTKSDVWSFGILLHEMFSRGQVPYPGMSNHEAFLRVDAGYRMPCPLECPPSVHKLMLTCWCRDPEQRPCFKALRERLSSFTSYENPT,1RJA;2KGT;5D7V;5DA3;5H2U;6CZ2;6CZ3;6CZ4,SH3|SH2|Protein kinase,SH3_domain:IPR001452:8:72;SH2:IPR000980:76:170;Prot_kinase_dom:IPR000719:191:445,SH3_domain|SH2|Prot_kinase_dom
Q14449,GRB14,Homo sapiens,Ras-associating:106:192;PH:234:342;SH2:439:535,MTTSLQDGQSAASRAAARDSPLAAQVCGAAQGRGDAHDLAPAPWLHARALLPLPDGTRGCAADRRKKKDLDVPEMPSIPNPFPELCCSPFTSVLSADLFPKANSRKKQVIKVYSEDETSRALDVPSDITARDVCQLLILKNHYIDDHSWTLFEHLPHIGVERTIEDHELVIEVLSNWGIEEENKLYFRKNYAKYEFFKNPMYFFPEHMVSFATETNGEISPTQILQMFLSSSTYPEIHGFLHAKEQGKKSWKKIYFFLRRSGLYFSTKGTSKEPRHLQFFSEFGNSDIYVSLAGKKKHGAPTNYGFCFKPNKAGGPRDLKMLCAEEEQSRTCWVTAIRLLKYGMQLYQNYMHPYQGRSGCSSQSISPMRSISENSLVAMDFSGQKSRVIENPTEALSVAVEEGLAWRKKGCLRLGTHGSPTASSQSSATNMAIHRSQPWFHHKISRDEAQRLIIQQGLVDGVFLVRDSQSNPKTFVLSMSHGQKIKHFQIIPVEDDGEMFHTLDDGHTRFTDLIQLVEFYQLNKGVLPCKLKHYCARIAL,2AUG;2AUH;4K81,Ras-associating|PH|SH2,RA_dom:IPR000159:106:192;PH_domain:IPR001849:234:344;BPS-dom:IPR015042:369:414;SH2:IPR000980:437:535,RA_dom|PH_domain|BPS-dom|SH2
Q14451,GRB7,Homo sapiens,Ras-associating:100:186;PH:229:338;SH2:431:527,MELDLSPPHLSSSPEDLCPAPGTPPGTPRPPDTPLPEEVKRSQPLLIPTTGRKLREEERRATSLPSIPNPFPELCSPPSQSPILGGPSSARGLLPRDASRPHVVKVYSEDGACRSVEVAAGATARHVCEMLVQRAHALSDETWGLVECHPHLALERGLEDHESVVEVQAAWPVGGDSRFVFRKNFAKYELFKSSPHSLFPEKMVSSCLDAHTGISHEDLIQNFLNAGSFPEIQGFLQLRGSGRKLWKRFFCFLRRSGLYYSTKGTSKDPRHLQYVADVNESNVYVVTQGRKLYGMPTDFGFCVKPNKLRNGHKGLRIFCSEDEQSRTCWLAAFRLFKYGVQLYKNYQQAQSRHLHPSCLGSPPLRSASDNTLVAMDFSGHAGRVIENPREALSVALEEAQAWRKKTNHRLSLPMPASGTSLSAAIHRTQLWFHGRISREESQRLIGQQGLVDGLFLVRESQRNPQGFVLSLCHLQKVKHYLILPSEEEGRLYFSMDDGQTRFTDLLQLVEFHQLNRGILPCLLRHCCTRVAL,1MW4;1WGR;2L4K;2QMS;3PQZ;4WWQ;4X6S;5D0J;5EEL;5EEQ;5TYI;5U06;5U1Q;7MP3,Ras-associating|PH|SH2,RA_dom:IPR000159:100:186;PH_domain:IPR001849:229:340;BPS-dom:IPR015042:365:411;SH2:IPR000980:429:527,RA_dom|PH_domain|BPS-dom|SH2
Q14765,STAT4,Homo sapiens,SH2:569:664,MSQWNQVQQLEIKFLEQVDQFYDDNFPMEIRHLLAQWIENQDWEAASNNETMATILLQNLLIQLDEQLGRVSKEKNLLLIHNLKRIRKVLQGKFHGNPMHVAVVISNCLREERRILAAANMPVQGPLEKSLQSSSVSERQRNVEHKVAAIKNSVQMTEQDTKYLEDLQDEFDYRYKTIQTMDQSDKNSAMVNQEVLTLQEMLNSLDFKRKEALSKMTQIIHETDLLMNTMLIEELQDWKRRQQIACIGGPLHNGLDQLQNCFTLLAESLFQLRRQLEKLEEQSTKMTYEGDPIPMQRTHMLERVTFLIYNLFKNSFVVERQPCMPTHPQRPLVLKTLIQFTVKLRLLIKLPELNYQVKVKASIDKNVSTLSNRRFVLCGTNVKAMSIEESSNGSLSVEFRHLQPKEMKSSAGGKGNEGCHMVTEELHSITFETQICLYGLTIDLETSSLPVVMISNVSQLPNAWASIIWYNVSTNDSQNLVFFNNPPPATLSQLLEVMSWQFSSYVGRGLNSDQLHMLAEKLTVQSSYSDGHLTWAKFCKEHLPGKSFTFWTWLEAILDLIKKHILPLWIDGYVMGFVSKEKERLLLKDKMPGTFLLRFSESHLGGITFTWVDHSESGEVRFHSVEPYNKGRLSALPFADILRDYKVIMAENIPENPLKYLYPDIPKDKAFGKHYSSQPCEVSRPTERGDKGYVPSVFIPISTIRSDSTEPHSPSDLLPMSPSVYAVLRENLSPTTIETAMKSPYSAE,,SH2,STAT_TF_prot_interaction:IPR013799:2:122;STAT_TF_alpha:IPR013800:144:308;STAT_TF_DNA-bd:IPR013801:321:454;STAT_linker:IPR048988:478:554;SH2:IPR000980:569:647,STAT_TF_prot_interaction|STAT_TF_alpha|STAT_TF_DNA-bd|STAT_linker|SH2
Q15464,SHB,Homo sapiens,SH2:410:504,MAKWLNKYFSLGNSKTKSPPQPPRPDYREQRRRGERPSQPPQAVPQASSAASASCGPATASCFSASSGSLPDDSGSTSDLIRAYRAQKERDFEDPYNGPGSSLRKLRAMCRLDYCGGSGEPGGVQRAFSASSASGAAGCCCASSGAGAAASSSSSSGSPHLYRSSSERRPATPAEVRYISPKHRLIKVESAAGGGAGDPLGGACAGGRTWSPTACGGKKLLNKCAASAAEESGAGKKDKVTIADDYSDPFDAKNDLKSKAGKGESAGYMEPYEAQRIMTEFQRQESVRSQHKGIQLYDTPYEPEGQSVDSDSESTVSPRLRESKLPQDDDRPADEYDQPWEWNRVTIPALAAQFNGNEKRQSSPSPSRDRRRQLRAPGGGFKPIKHGSPEFCGILGERVDPAVPLEKQIWYHGAISRGDAENLLRLCKECSYLVRNSQTSKHDYSLSLRSNQGFMHMKLAKTKEKYVLGQNSPPFDSVPEVIHYYTTRKLPIKGAEHLSLLYPVAVRTL,,SH2,SH2:IPR000980:408:504,SH2
Q5SQS7,SH2D4B,Homo sapiens,SH2:325:417,MLQQILHDMYIDPELLAELSDVQKHILFYKMREEQLRRWKERETWEALAQDEGLRPPKTKRASDKHIQWLLGADGEVWVWIMGEGPGDKPYEEISEELIAERARLQAQREAEELWRQKEAEITKKFRDALANEKARILAEKWKVEMEDRKAAKVLEERIHEEFKRKEEEERKRGEEQIRLQEEQRAKELYWTLKQAQLHCQASEKEEREWEEQLRRSKAADEERSRRAQRARDEYRHHSLRAIQKGTVAGLSSMFRELGQSHEQEARLYHHLPDPGLPQPLALPVRTWERPLRPVSRDVIVRWFKEEQLPRRAGFERNTKFIAPWFHGIISREDAEALLENMTEGAFLVRVSEKIWGYTLSYRLQKGFKHFLVDASGDFYSFLGVDPNRHATLTDLVDFHKEEIITVSGGELLQEPCGQRDSPPDYHLLFE,,SH2,SH2:IPR000980:323:417,SH2
Q5VZ18,SHE,Homo sapiens,SH2:395:490,MQWSPTPGASACLGWASSLACSTAPTLLGRAGRGPLMAAKWFKEFPLNLKTVSERAKPGGGGGKLRKNSEAGGAGPGPGKGRKNSAAELGSGRAGVGPKDSRLSRDSLQGLIQAAAGKGRKNSRATEEEPHRGATKSSGCSTYINRLIKVDTQEKNGKSNYPSSSSSSSSSSSSASSSPSSLGPELDKGKIIKQQETVIILEDYADPYDAKRTKGQRDAERVGENDGYMEPYDAQQMITEIRRRGSKDPLVKALQLLDSPCEPADGGLKSETLAKRRSSKDLLGKPPQLYDTPYEPAEGGPRAEGKARPPDSRLPENDERPAAEYEQPWEWKKEQIVRALSVQFEGAERPSFREETVRQHHRQKSWTQKILKPALSDHSEGEKVDPGLPLEKQPWYHGAISRAEAESRLQPCKEAGYLVRNSESGNSRYSIALKTSQGCVHIIVAQTKDNKYTLNQTSAVFDSIPEVVHYYSNEKLPFKGAEHMTLLYPVHSKLH,,SH2,SH2:IPR000980:393:490,SH2
Q63HR2,TNS2,Homo sapiens,Phosphatase tensin-type:122:294;C2 tensin-type:299:425;SH2:1140:1247;PTB:1275:1408,MKSSGPVERLLRALGRRDSSRAASRPRKAEPHSFREKVFRKKPPVCAVCKVTIDGTGVSCRVCKVATHRKCEAKVTSACQALPPVELRRNTAPVRRIEHLGSTKSLNHSKQRSTLPRSFSLDPLMERRWDLDLTYVTERILAAAFPARPDEQRHRGHLRELAHVLQSKHRDKYLLFNLSEKRHDLTRLNPKVQDFGWPELHAPPLDKLCSICKAMETWLSADPQHVVVLYCKGNKGKLGVIVSAYMHYSKISAGADQALATLTMRKFCEDKVATELQPSQRRYISYFSGLLSGSIRMNSSPLFLHYVLIPMLPAFEPGTGFQPFLKIYQSMQLVYTSGVYHIAGPGPQQLCISLEPALLLKGDVMVTCYHKGGRGTDRTLVFRVQFHTCTIHGPQLTFPKDQLDEAWTDERFPFQASVEFVFSSSPEKIKGSTPRNDPSVSVDYNTTEPAVRWDSYENFNQHHEDSVDGSLTHTRGPLDGSPYAQVQRPPRQTPPAPSPEPPPPPMLSVSSDSGHSSTLTTEPAAESPGRPPPTAAERQELDRLLGGCGVASGGRGAGRETAILDDEEQPTVGGGPHLGVYPGHRPGLSRHCSCRQGYREPCGVPNGGYYRPEGTLERRRLAYGGYEGSPQGYAEASMEKRRLCRSLSEGLYPYPPEMGKPATGDFGYRAPGYREVVILEDPGLPALYPCPACEEKLALPTAALYGLRLEREAGEGWASEAGKPLLHPVRPGHPLPLLLPACGHHHAPMPDYSCLKPPKAGEEGHEGCSYTMCPEGRYGHPGYPALVTYSYGGAVPSYCPAYGRVPHSCGSPGEGRGYPSPGAHSPRAGSISPGSPPYPQSRKLSYEIPTEEGGDRYPLPGHLASAGPLASAESLEPVSWREGPSGHSTLPRSPRDAPCSASSELSGPSTPLHTSSPVQGKESTRRQDTRSPTSAPTQRLSPGEALPPVSQAGTGKAPELPSGSGPEPLAPSPVSPTFPPSSPSDWPQERSPGGHSDGASPRSPVPTTLPGLRHAPWQGPRGPPDSPDGSPLTPVPSQMPWLVASPEPPQSSPTPAFPLAASYDTNGLSQPPLPEKRHLPGPGQQPGPWGPEQASSPARGISHHVTFAPLLSDNVPQTPEPPTQESQSNVKFVQDTSKFWYKPHLSRDQAIALLKDKDPGAFLIRDSHSFQGAYGLALKVATPPPSAQPWKGDPVEQLVRHFLIETGPKGVKIKGCPSEPYFGSLSALVSQHSISPISLPCCLRIPSKDPLEETPEAPVPTNMSTAADLLRQGAACSVLYLTSVETESLTGPQAVARASSAALSCSPRPTPAVVHFKVSAQGITLTDNQRKLFFRRHYPVNSITFSSTDPQDRRWTNPDGTTSKIFGFVAKKPGSPWENVCHLFAELDPDQPAGAIVTFITKVLLGQRK,2DKQ;2KNO;2L6K;2LOZ;3HQC,Phosphatase tensin-type|C2 tensin-type|SH2|PTB,PE/DAG-bd:IPR002219:31:80;Tensin_phosphatase:IPR029023:122:294;Tensin_C2-dom:IPR014020:297:425;SH2:IPR000980:1138:1247;PTB/PI_dom:IPR006020:1271:1409,PE/DAG-bd|Tensin_phosphatase|Tensin_C2-dom|SH2|PTB/PI_dom
Q68CZ2,TNS3,Homo sapiens,Phosphatase tensin-type:1:170;C2 tensin-type:175:301;SH2:1172:1282;PTB:1310:1444,MEEGHGLDLTYITERIIAVSFPAGCSEESYLHNLQEVTRMLKSKHGDNYLVLNLSEKRYDLTKLNPKIMDVGWPELHAPPLDKMCTICKAQESWLNSNLQHVVVIHCRGGKGRIGVVISSYMHFTNVSASADQALDRFAMKKFYDDKVSALMQPSQKRYVQFLSGLLSGSVKMNASPLFLHFVILHGTPNFDTGGVCRPFLKLYQAMQPVYTSGIYNVGPENPSRICIVIEPAQLLKGDVMVKCYHKKYRSATRDVIFRLQFHTGAVQGYGLVFGKEDLDNASKDDRFPDYGKVELVFSATPEKIQGSEHLYNDHGVIVDYNTTDPLIRWDSYENLSADGEVLHTQGPVDGSLYAKVRKKSSSDPGIPGGPQAIPATNSPDHSDHTLSVSSDSGHSTASARTDKTEERLAPGTRRGLSAQEKAELDQLLSGFGLEDPGSSLKEMTDARSKYSGTRHVVPAQVHVNGDAALKDRETDILDDEMPHHDLHSVDSLGTLSSSEGPQSAHLGPFTCHKSSQNSLLSDGFGSNVGEDPQGTLVPDLGLGMDGPYERERTFGSREPKQPQPLLRKPSVSAQMQAYGQSSYSTQTWVRQQQMVVAHQYSFAPDGEARLVSRCPADNPGLVQAQPRVPLTPTRGTSSRVAVQRGVGSGPHPPDTQQPSPSKAFKPRFPGDQVVNGAGPELSTGPSPGSPTLDIDQSIEQLNRLILELDPTFEPIPTHMNALGSQANGSVSPDSVGGGLRASSRLPDTGEGPSRATGRQGSSAEQPLGGRLRKLSLGQYDNDAGGQLPFSKCAWGKAGVDYAPNLPPFPSPADVKETMTPGYPQDLDIIDGRILSSKESMCSTPAFPVSPETPYVKTALRHPPFSPPEPPLSSPASQHKGGREPRSCPETLTHAVGMSESPIGPKSTMLRADASSTPSFQQAFASSCTISSNGPGQRRESSSSAERQWVESSPKPMVSLLGSGRPTGSPLSAEFSGTRKDSPVLSCFPPSELQAPFHSHELSLAEPPDSLAPPSSQAFLGFGTAPVGSGLPPEEDLGALLANSHGASPTPSIPLTATGAADNGFLSHNFLTVAPGHSSHHSPGLQGQGVTLPGQPPLPEKKRASEGDRSLGSVSPSSSGFSSPHSGSTISIPFPNVLPDFSKASEAASPLPDSPGDKLVIVKFVQDTSKFWYKADISREQAIAMLKDKEPGSFIVRDSHSFRGAYGLAMKVATPPPSVLQLNKKAGDLANELVRHFLIECTPKGVRLKGCSNEPYFGSLTALVCQHSITPLALPCKLLIPERDPLEEIAESSPQTAANSAAELLKQGAACNVWYLNSVEMESLTGHQAIQKALSITLVQEPPPVSTVVHFKVSAQGITLTDNQRKLFFRRHYPVNSVIFCALDPQDRKWIKDGPSSKVFGFVARKQGSATDNVCHLFAEHDPEQPASAIVNFVSKVMIGSPKKV,,Phosphatase tensin-type|C2 tensin-type|SH2|PTB,Tyr_Pase_dom:IPR000387:103:159;Tensin_C2-dom:IPR014020:173:301;SH2:IPR000980:1170:1282;PTB/PI_dom:IPR006020:1306:1443,Tyr_Pase_dom|Tensin_C2-dom|SH2|PTB/PI_dom
Q6S5L8,SHC4,Homo sapiens,PID:186:369;SH2:526:617,MRERGQDSLAGLVLYVGLFGHPGMLHRAKYSRFRNESITSLDEGSSGGSVGNKGSPQPPHPALAPHLPTEDATLPSQESPTPLCTLIPRMASMKLANPATLLSLKNFCLGTKEVPRLKLQESRDPGSSGPSSPETSLSRSGTAPPPQQDLVGHRATALTPDSCPLPGPGEPTLRSRQDRHFLQHLLGMGMNYCVRYMGCVEVLQSMRSLDFGMRTQVTREAISRLCEAVPGANGAIKKRKPPVKFLSTVLGKSNLQFSGMNIKLTISTCSLTLMNLDNQQIIANHHMQSISFASGGDPDTTDYVAYVAKDPVNQRACHILECHNGMAQDVISTIGQAFELRFKQYLKNPSLNTSCESEEVHIDSHAEEREDHEYYNEIPGKQPPVGGVSDMRIKVQATEQMAYCPIQCEKLCYLPGNSKCSSVYENCLEQSRAIGNVHPRGVQSQRDTSLLKHTCRVDLFDDPCYINTQALQSTPGSAGNQRSAQPLGSPWHCGKAPETVQPGATAQPASSHSLPHIKQQLWSEECYHGKLSRKAAESLLVKDGDFLVRESATSPGQYVLSGLQGGQAKHLLLVDPEGKVRTKDHVFDNVGHLIRYHMDNSLPIISSGSEVSLKQPVRKDNNPALLHSNK,,PID|SH2,PID_Shc-like:IPR006019:176:347;SH2:IPR000980:524:617,PID_Shc-like|SH2
Q6ZV89,SH2D5,Homo sapiens,PID:28:146;SH2:296:392,MQKAGAGGRRASDCGLAPHRPRCITKFAQYVGSFPVDDLDTQESVWLVQQQLWALKDCPRRRAVILKFSLQGLKIYSGEGEVLLMAHALRRILYSTWCPADCQFAFMARNPRSPASKLFCHLFVGSQPGEVQILHLLLCRSFQLAYLLQHPEERAQPEPCPGPTGEVPLKPLSSSGGLVREPFGRDQLSQNVHALVSFRRLPAEGLVGSGKELPESEGRARHARLGNPYCSPTLVRKKAIRSKVIRSGAYRGCTYETQLQLSAREAFPAAWEAWPRGPGGHSCLVESEGSLTENIWAFAGISRPCALALLRRDVLGAFLLWPELGASGQWCLSVRTQCGVVPHQVFRNHLGRYCLEHLPAEFPSLEALVENHAVTERSLFCPLDMGRLNPTYEEQDCGPPGRPPRTLRPLSHAKSEAELQGLG,,PID|SH2,PTB/PI_dom:IPR006020:21:155;SH2:IPR000980:296:392,PTB/PI_dom|SH2
Q7KZ85,SUPT6H,Homo sapiens,S1 motif:1213:1282;SH2:1325:1431,MSDFVESEAEESEEEYNDEGEVVPRVTKKFVEEEDDDEEEEEENLDDQDEQGNLKGFINDDDDEDEGEEDEGSDSGDSEDDVGHKKRKRTSFDDRLEDDDFDLIEENLGVKVKRGQKYRRVKKMSDDEDDDEEEYGKEEHEKEAIAEEIFQDGEGEEGQEAMEAPMAPPEEEEEDDEESDIDDFIVDDDGQPLKKPKWRKKLPGYTDAALQEAQEIFGVDFDYDEFEKYNEYDEELEEEYEYEDDEAEGEIRVRPKKTTKKRVSRRSIFEMYEPSELESSHLTDQDNEIRATDLPERFQLRSIPVKGAEDDELEEEADWIYRNAFATPTISLQESCDYLDRGQPASSFSRKGPSTIQKIKEALGFMRNQHFEVPFIAFYRKEYVEPELHINDLWRVWQWDEKWTQLRIRKENLTRLFEKMQAYQYEQISADPDKPLADGIRALDTTDMERLKDVQSMDELKDVYNHFLLYYGRDIPKMQNAAKASRKKLKRVREEGDEEGEGDEAEDEEQRGPELKQASRRDMYTICQSAGLDGLAKKFGLTPEQFGENLRDSYQRHETEQFPAEPLELAKDYVCSQFPTPEAVLEGARYMVALQIAREPLVRQVLRQTFQERAKLNITPTKKGRKDVDEAHYAYSFKYLKNKPVKELRDDQFLKICLAEDEGLLTTDISIDLKGVEGYGNDQTYFEEIKQFYYRDEFSHQVQEWNRQRTMAIERALQQFLYVQMAKELKNKLLAEAKEYVIKACSRKLYNWLRVAPYRPDQQVEEDDDFMDENQGKGIRVLGIAFSSARDHPVFCALVNGEGEVTDFLRLPHFTKRRTAWREEEREKKAQDIETLKKFLLNKKPHVVTVAGENRDAQMLIEDVKRIVHELDQGQQLSSIGVELVDNELAILYMNSKKSEAEFRDYPPVLRQAVSLARRIQDPLIEFAQVCSSDEDILCLKFHPLQEHVVKEELLNALYCEFINRVNEVGVDVNRAIAHPYSQALIQYVCGLGPRKGTHLLKILKQNNTRLESRTQLVTMCHMGPKVFMNCAGFLKIDTASLGDSTDSYIEVLDGSRVHPETYEWARKMAVDALEYDESAEDANPAGALEEILENPERLKDLDLDAFAEELERQGYGDKHITLYDIRAELSCRYKDLRTAYRSPNTEEIFNMLTKETPETFYIGKLIICNVTGIAHRRPQGESYDQAIRNDETGLWQCPFCQQDNFPELSEVWNHFDSGSCPGQAIGVKTRLDNGVTGFIPTKFLSDKVVKRPEERVKVGMTVHCRIMKIDIEKFSADLTCRTSDLMDRNNEWKLPKDTYYDFDAEAADHKQEEDMKRKQQRTTYIKRVIAHPSFHNINFKQAEKMMETMDQGDVIIRPSSKGENHLTVTWKVSDGIYQHVDVREEGKENAFSLGATLWINSEEFEDLDEIVARYVQPMASFARDLLNHKYYQDCSGGDRKKLEELLIKTKKEKPTFIPYFICACKELPGKFLLGYQPRGKPRIEYVTVTPEGFRYRGQIFPTVNGLFRWFKDHYQDPVPGITPSSSSRTRTPASINATPANINLADLTRAVNALPQNMTSQMFSAIAAVTGQGQNPNATPAQWASSQYGYGGSGGGSSAYHVFPTPAQQPVATPLMTPSYSYTTPSQPITTPQYHQLQASTTPQSAQAQPQPSSSSRQRQQQPKSNSHAAIDWGKMAEQWLQEKEAERRKQKQRLTPRPSPSPMIESTPMSIAGDATPLLDEMDR,6GME;6GMH;6TED;7OOP;7OPC;7OPD;7UNC;7UND;8OEU;8OEV;8OF0,S1 motif|SH2,Spt6_acidic_N_dom:IPR028083:38:127;Spt6_HTH_DNA-bd_dom:IPR028088:307:422;YqgF/RNaseH-like_dom:IPR006641:779:894;Spt6_HHH:IPR032706:935:1038;HHH_9:IPR041692:1051:1138;S1_domain:IPR003029:1221:1282;SH2:IPR000980:1325:1431,Spt6_acidic_N_dom|Spt6_HTH_DNA-bd_dom|YqgF/RNaseH-like_dom|Spt6_HHH|HHH_9|S1_domain|SH2
Q7M4L6,SHF,Homo sapiens,SH2:323:418,MQQEGGPVRSAPCRTGTLEGSRQGSPGHRKRASPKGSLSSAQPHSWMLTPSPLNSHCAHREPISSSPQPVANGPKQKKKSNWRSTTRLRIIRLRDRLEPRPLAILEDYADPFDVQETGEGSAGASGAPEKVPENDGYMEPYEAQKMMAEIRGSKETATQPLPLYDTPYEPEEDGATAEGEGAPWPRESRLPEDDERPPEEYDQPWEWKKERISKAFAVDIKVIKDLPWPPPVGQLDSSPSLPDGDRDISGPASPLPEPSLEDSSAQFEGPEKSCLSPGREEKGRLPPRLSAGNPKSAKPLSMEPSSPLGEWTDPALPLENQVWYHGAISRTDAENLLRLCKEASYLVRNSETSKNDFSLSLKSSQGFMHMKLSRTKEHKYVLGQNSPPFSSVPEIVHHYASRKLPIKGAEHMSLLYPVAIRTL,,SH2,SH2:IPR000980:321:418,SH2
Q7Z4S9,SH2D6,Homo sapiens,SH2:225:333,MDKLSGSRPRLGPPLPPPRCVDSPGWREDAPSPSFLPAPGTWRHKAQEEDEEENKYELPPCEALPLSLAPAHLPGTEEDSLYLDHSGPLGPSKPSPPLPQPTMLKGAVSLPVAGKQGPIFGRREQGASSRVVPGPPKKPDEDLYLECEPDPVLALTQTLSFQVLMPSGPLPRTSVVPRPTTAPQETRNGTADAASKEGRKSSLPSVAPTGSASAAEDSDLLTQPWYSGNCDRYAVESALLHLQKDGAYTVRPSSGPHGSQPFTLAVLLRGRVFNIPIRRLDGGRHYALGREGRNREELFSSVAAMVQHFMWHPLPLVDRHSGSRELTCLLFPTKP,,SH2,SH2:IPR000980:223:333,SH2
Q7Z7G1,CLNK,Homo sapiens,SH2:309:419,MNRQGNRKTTKEGSNDLKFQNFSLPKNRSWPRINSATGQYQRMNKPLLDWERNFAAVLDGAKGHSDDDYDDPELRMEETWQSIKILPARPIKESEYADTHYFKVAMDTPLPLDTRTSISIGQPTWNTQTRLERVDKPISKDVRSQNIKGDASVRKNKIPLPPPRPLITLPKKYQPLPPEPESSRPPLSQRHTFPEVQRMPSQISLRDLSEVLEAEKVPHNQRKPESTHLLENQNTQEIPLAISSSSFTTSNHSVQNRDHRGGMQPCSPQRCQPPASCSPHENILPYKYTSWRPPFPKRSDRKDVQHNEWYIGEYSRQAVEEAFMKENKDGSFLVRDCSTKSKEEPYVLAVFYENKVYNVKIRFLERNQQFALGTGLRGDEKFDSVEDIIEHYKNFPIILIDGKDKTGVHRKQCHLTQPLPLTRHLLPL,,SH2,SH2:IPR000980:307:419,SH2
Q8IZW8,TNS4,Homo sapiens,SH2:449:556;PTB:582:705,MSQVMSSPLLAGGHAVSLAPCDEPRRTLHPAPSPSLPPQCSYYTTEGWGAQALMAPVPCMGPPGRLQQAPQVEAKATCFLPSPGEKALGTPEDLDSYIDFSLESLNQMILELDPTFQLLPPGTGGSQAELAQSTMSMRKKEESEALDIKYIEVTSARSRCHDGPQHCSSPSVTPPFGSLRSGGLLLSRDVPRETRSSSESLIFSGNQGRGHQRPLPPSEGLSPRPPNSPSISIPCMGSKASSPHGLGSPLVASPRLEKRLGGLAPQRGSRISVLSASPVSDVSYMFGSSQSLLHSSNSSHQSSSRSLESPANSSSSLHSLGSVSLCTRPSDFQAPRNPTLTMGQPRTPHSPPLAKEHASSCPPSITNSMVDIPIVLINGCPEPGSSPPQRTPGHQNSVQPGAASPSNPCPATRSNSQTLSDAPFTTCPEGPARDMQPTMKFVMDTSKYWFKPNITREQAIELLRKEEPGAFVIRDSSSYRGSFGLALKVQEVPASAQSRPGEDSNDLIRHFLIESSAKGVHLKGADEEPYFGSLSAFVCQHSIMALALPCKLTIPQRELGGADGASDSTDSPASCQKKSAGCHTLYLSSVSVETLTGALAVQKAISTTFERDILPTPTVVHFKVTEQGITLTDVQRKVFFRRHYPLTTLRFCGMDPEQRKWQKYCKPSWIFGFVAKSQTEPQENVCHLFAEYDMVQPASQVIGLVTALLQDAERM,,SH2|PTB,SH2:IPR000980:447:556;PTB/PI_dom:IPR006020:577:715,SH2|PTB/PI_dom
Q8N5H7,SH2D3C,Homo sapiens,SH2:220:319;Ras-GEF:586:854,MTEGTKKTSKKFKFFKFKGFGSLSNLPRSFTLRRSSASISRQSHLEPDTFEATQDDMVTVPKSPPAYARSSDMYSHMGTMPRPSIKKAQNSQAARQAQEAGPKPNLVPGGVPDPPGLEAAKEVMVKATGPLEDTPAMEPNPSAVEVDPIRKPEVPTGDVEEERPPRDVHSERAAGEPEAGSDYVKFSKEKYILDSSPEKLHKELEEELKLSSTDLRSHAWYHGRIPREVSETLVQRNGDFLIRDSLTSLGDYVLTCRWRNQALHFKINKVVVKAGESYTHIQYLFEQESFDHVPALVRYHVGSRKAVSEQSGAIIYCPVNRTFPLRYLEASYGLGQGSSKPASPVSPSGPKGSHMKRRSVTMTDGLTADKVTRSDGCPTSTSLPRPRDSIRSCALSMDQIPDLHSPMSPISESPSSPAYSTVTRVHAAPAAPSATALPASPVARRSSEPQLCPGSAPKTHGESDKGPHTSPSHTLGKASPSPSLSSYSDPDSGHYCQLQPPVRGSREWAATETSSQQARSYGERLKELSENGAPEGDWGKTFTVPIVEVTSSFNPATFQSLLIPRDNRPLEVGLLRKVKELLAEVDARTLARHVTKVDCLVARILGVTKEMQTLMGVRWGMELLTLPHGRQLRLDLLERFHTMSIMLAVDILGCTGSAEERAALLHKTIQLAAELRGTMGNMFSFAAVMGALDMAQISRLEQTWVTLRQRHTEGAILYEKKLKPFLKSLNEGKEGPPLSNTTFPHVLPLITLLECDSAPPEGPEPWGSTEHGVEVVLAHLEAARTVAHHGGLYHTNAEVKLQGFQARPELLEVFSTEFQMRLLWGSQGASSSQARRYEKFDKVLTALSHKLEPAVRSSEL,3T6G,SH2|Ras-GEF,SH2:IPR000980:218:319;RASGEF_cat_dom:IPR001895:582:855,SH2|RASGEF_cat_dom
Q8TB24,RIN3,Homo sapiens,SH2:63:158;VPS9:703:846;Ras-associating:877:963,MIRHAGAPARGDPTGPVPVVGKGEEEEEEDGMRLCLPANPKNCLPHRRGISILEKLIKTCPVWLQLSLGQAEVARILHRVVAGMFLVRRDSSSKQLVLCVHFPSLNESSAEVLEYTIKEEKSILYLEGSALVFEDIFRLIAFYCVSRDLLPFTLRLPQAILEASSFTDLETIANLGLGFWDSSLNPPQERGKPAEPPRDRAPGFPLVSSLRPTAHDANCACEIELSVGNDRLWFVNPIFIEDCSSALPTDQPPLGNCPARPLPPTSDATSPTSRWAPRRPPPPPPVLPLQPCSPAQPPVLPALAPAPACPLPTSPPVPAPHVTPHAPGPPDHPNQPPMMTCERLPCPTAGLGPLREEAMKPGAASSPLQQVPAPPLPAKKNLPTAPPRRRVSERVSLEDQSPGMAAEGDQLSLPPQGTSDGPEDTPRESTEQGQDTEVKASDPHSMPELPRTAKQPPVPPPRKKRISRQLASTLPAPLENAELCTQAMALETPTPGPPREGQSPASQAGTQHPPAQATAHSQSSPEFKGSLASLSDSLGVSVMATDQDSYSTSSTEEELEQFSSPSVKKKPSMILGKARHRLSFASFSSMFHAFLSNNRKLYKKVVELAQDKGSYFGSLVQDYKVYSLEMMARQTSSTEMLQEIRTMMTQLKSYLLQSTELKALVDPALHSEEELEAIVESALYKCVLKPLKEAINSCLHQIHSKDGSLQQLKENQLVILATTTTDLGVTTSVPEVPMMEKILQKFTSMHKAYSPEKKISILLKTCKLIYDSMALGNPGKPYGADDFLPVLMYVLARSNLTEMLLNVEYMMELMDPALQLGEGSYYLTTTYGALEHIKSYDKITVTRQLSVEVQDSIHRWERRRTLNKARASRSSVQDFICVSYLEPEQQARTLASRADTQAQALCAQCAEKFAVERPQAHRLFVLVDGRCFQLADDALPHCIKGYLLRSEPKRDFHFVYRPLDGGGGGGGGSPPCLVVREPNFL,3U23;4WCI,SH2|VPS9|Ras-associating,SH2:IPR000980:61:158;VPS9:IPR003123:703:855;RA_dom:IPR000159:877:963,SH2|VPS9|RA_dom
Q8TC17,GRAPL,Homo sapiens,SH3:1:58;SH2:60:118,MESVALYSFQATESDELAFNKGDTLKILNMEDDQNWYKAELRGVEGFIPKNYIRVKPHPWYSGRISRQLAEEILMKRNHLGAFLIRESESSPGEFSVSVNNRAQRGPCLGPKSHSRLG,,SH3|SH2,SH3_domain:IPR001452:1:58;SH2:IPR000980:58:118,SH3_domain|SH2
Q8WV28,BLNK,Homo sapiens,SH2:346:453,MDKLNKITVPASQKLRQLQKMVHDIKNNEGGIMNKIKKLKVKAPPSVPRRDYASESPADEEEQWSDDFDSDYENPDEHSDSEMYVMPAEENADDSYEPPPVEQETRPVHPALPFARGEYIDNRSSQRHSPPFSKTLPSKPSWPSEKARLTSTLPALTALQKPQVPPKPKGLLEDEADYVVPVEDNDENYIHPTESSSPPPEKAPMVNRSTKPNSSTPASPPGTASGRNSGAWETKSPPPAAPSPLPRAGKKPTTPLKTTPVASQQNASSVCEEKPIPAERHRGSSHRQEAVQSPVFPPAQKQIHQKPIPLPRFTEGGNPTVDGPLPSFSSNSTISEQEAGVLCKPWYAGACDRKSAEEALHRSNKDGSFLIRKSSGHDSKQPYTLVVFFNKRVYNIPVRFIEATKQYALGRKKNGEEYFGSVAEIIRNHQHSPLVLIDSQNNTKDSTRLKYAVKVS,6YLU,SH2,SH2:IPR000980:344:453,SH2
Q8WXH5,SOCS4,Homo sapiens,SH2:286:381;SOCS box:376:425,MAENNENISKNVDVRPKTSRSRSADRKDGYVWSGKKLSWSKKSESYSDAETVNGIEKTEVSLRNQERKHSCSSIELDLDHSCGHRFLGRSLKQKLQDAVGQCFPIKNCSSRHSSGLPSKRKIHISELMLDKCPFPPRSDLAFRWHFIKRHTAPINSKSDEWVSTDLSQTELRDGQLKRRNMEENINCFSHTNVQPCVITTDNALCREGPMTGSVMNLVSNNSIEDSDMDSDDEILTLCTSSRKRNKPKWDLDDEILQLETPPKYHTQIDYVHCLVPDLLQINNNPCYWGVMDKYAAEALLEGKPEGTFLLRDSAQEDYLFSVSFRRYSRSLHARIEQWNHNFSFDAHDPCVFHSPDITGLLEHYKDPSACMFFEPLLSTPLIRTFPFSLQHICRTVICNCTTYDGIDALPIPSSMKLYLKEYHYKSKVRVLRIDAPEQQC,2IZV,SH2|SOCS box,SOCS4/SOCS5_dom:IPR022252:61:107;SH2:IPR000980:284:381;SOCS_box:IPR001496:376:425,SOCS4/SOCS5_dom|SH2|SOCS_box
Q8WYP3,RIN2,Homo sapiens,SH2:97:190;VPS9:618:757;Ras-associating:787:878,MTAWTMGARGLDKRGSFFKLIDTIASEIGELKQEMVRTDVNLENGLEPAETHSMVRHKDGGYSEEEDVKTCARDSGYDSLSNRLSILDRLLHTHPIWLQLSLSEEEAAEVLQAQPPGIFLVHKSTKMQKKVLSLRLPCEFGAPLKEFAIKESTYTFSLEGSGISFADLFRLIAFYCISRDVLPFTLKLPYAISTAKSEAQLEELAQMGLNFWSSPADSKPPNLPPPHRPLSSDGVCPASLRQLCLINGVHSIKTRTPSELECSQTNGALCFINPLFLKVHSQDLSGGLKRPSTRTPNANGTERTRSPPPRPPPPAINSLHTSPRLARTETQTSMPETVNHNKHGNVALPGTKPTPIPPPRLKKQASFLEAEGGAKTLSGGRPGAGPELELGTAGSPGGAPPEAAPGDCTRAPPPSSESRPPCHGGRQRLSDMSISTSSSDSLEFDRSMPLFGYEADTNSSLEDYEGESDQETMAPPIKSKKKRSSSFVLPKLVKSQLQKVSGVFSSFMTPEKRMVRRIAELSRDKCTYFGCLVQDYVSFLQENKECHVSSTDMLQTIRQFMTQVKNYLSQSSELDPPIESLIPEDQIDVVLEKAMHKCILKPLKGHVEAMLKDFHMADGSWKQLKENLQLVRQRNPQELGVFAPTPDFVDVEKIKVKFMTMQKMYSPEKKVMLLLRVCKLIYTVMENNSGRMYGADDFLPVLTYVIAQCDMLELDTEIEYMMELLDPSLLHGEGGYYLTSAYGALSLIKNFQEEQAARLLSSETRDTLRQWHKRRTTNRTIPSVDDFQNYLRVAFQEVNSGCTGKTLLVRPYITTEDVCQICAEKFKVGDPEEYSLFLFVDETWQQLAEDTYPQKIKAELHSRPQPHIFHFVYKRIKNDPYGIIFQNGEEDLTTS,,SH2|VPS9|Ras-associating,SH2:IPR000980:97:190;VPS9:IPR003123:618:766;RA_dom:IPR000159:787:878,SH2|VPS9|RA_dom
Q92529,SHC3,Homo sapiens,PID:149:334;SH2:499:590,MLPRTKYNRFRNDSVTSVDDLLHSLSVSGGGGKVSAARATPAAAPYLVSGEALRKAPDDGPGSLGHLLHKVSHLKLSSSGLRGLSSAARERAGARLSGSCSAPSLAAPDGSAPSAPRAPAMSAARKGRPGDEPLPRPPRGAPHASDQVLGPGVTYVVKYLGCIEVLRSMRSLDFSTRTQITREAISRVCEAVPGAKGAFKKRKPPSKMLSSILGKSNLQFAGMSISLTISTASLNLRTPDSKQIIANHHMRSISFASGGDPDTTDYVAYVAKDPVNRRACHILECCDGLAQDVIGSIGQAFELRFKQYLQCPTKIPALHDRMQSLDEPWTEEEGDGSDHPYYNSIPSKMPPPGGFLDTRLKPRPHAPDTAQFAGKEQTYYQGRHLGDTFGEDWQQTPLRQGSSDIYSTPEGKLHVAPTGEAPTYVNTQQIPPQAWPAAVSSAESSPRKDLFDMKPFEDALKNQPLGPVLSKAASVECISPVSPRAPDAKMLEELQAETWYQGEMSRKEAEGLLEKDGDFLVRKSTTNPGSFVLTGMHNGQAKHLLLVDPEGTIRTKDRVFDSISHLINHHLESSLPIVSAGSELCLQQPVERKQ,,PID|SH2,PID_Shc-like:IPR006019:139:310;SH2:IPR000980:497:590,PID_Shc-like|SH2
Q92569,PIK3R3,Homo sapiens,SH2 1:65:160;SH2 2:358:452,MYNTVWSMDRDDADWREVMMPYSTELIFYIEMDPPALPPKPPKPMTSAVPNGMKDSSVSLQDAEWYWGDISREEVNDKLRDMPDGTFLVRDASTKMQGDYTLTLRKGGNNKLIKIYHRDGKYGFSDPLTFNSVVELINHYHHESLAQYNPKLDVKLMYPVSRYQQDQLVKEDNIDAVGKKLQEYHSQYQEKSKEYDRLYEEYTRTSQEIQMKRTAIEAFNETIKIFEEQCHTQEQHSKEYIERFRREGNEKEIERIMMNYDKLKSRLGEIHDSKMRLEQDLKNQALDNREIDKKMNSIKPDLIQLRKIRDQHLVWLNHKGVRQKRLNVWLGIKNEDADENYFINEEDENLPHYDEKTWFVEDINRVQAEDLLYGKPDGAFLIRESSKKGCYACSVVADGEVKHCVIYSTARGYGFAEPYNLYSSLKELVLHYQQTSLVQHNDSLNVRLAYPVHAQMPSLCR,,SH2 1|SH2 2,SH2:IPR000980:63:160;SH2:IPR000980:356:452,SH2|SH2
Q92835,INPP5D,Homo sapiens,SH2:5:101,MVPCWNHGNITRSKAEELLSRTGKDGSFLVRASESISRAYALCVLYRNCVYTYRILPNEDDKFTVQASEGVSMRFFTKLDQLIEFYKKENMGLVTHLQYPVPLEEEDTGDDPEEDTVESVVSPPELPPRNIPLTASSCEAKEVPFSNENPRATETSRPSLSETLFQRLQSMDTSGLPEEHLKAIQDYLSTQLAQDSEFVKTGSSSLPHLKKLTTLLCKELYGEVIRTLPSLESLQRLFDQQLSPGLRPRPQVPGEANPINMVSKLSQLTSLLSSIEDKVKALLHEGPESPHRPSLIPPVTFEVKAESLGIPQKMQLKVDVESGKLIIKKSKDGSEDKFYSHKKILQLIKSQKFLNKLVILVETEKEKILRKEYVFADSKKREGFCQLLQQMKNKHSEQPEPDMITIFIGTWNMGNAPPPKKITSWFLSKGQGKTRDDSADYIPHDIYVIGTQEDPLSEKEWLEILKHSLQEITSVTFKTVAIHTLWNIRIVVLAKPEHENRISHICTDNVKTGIANTLGNKGAVGVSFMFNGTSLGFVNSHLTSGSEKKLRRNQNYMNILRFLALGDKKLSPFNITHRFTHLFWFGDLNYRVDLPTWEAETIIQKIKQQQYADLLSHDQLLTERREQKVFLHFEEEEITFAPTYRFERLTRDKYAYTKQKATGMKYNLPSWCDRVLWKSYPLVHVVCQSYGSTSDIMTSDHSPVFATFEAGVTSQFVSKNGPGTVDSQGQIEFLRCYATLKTKSQTKFYLEFHSSCLESFVKSQEGENEEGSEGELVVKFGETLPKLKPIISDPEYLLDQHILISIKSSDSDESYGEGCIALRLEATETQLPIYTPLTHHGELTGHFQGEIKLQTSQGKTREKLYDFVKTERDESSGPKTLKSLTSHDPMKQWEVTSRAPPCSGSSITEIINPNYMGVGPFGPPMPLHVKQTLSPDQQPTAWSYDQPPKDSPLGPCRGESPPTPPGQPPISPKKFLPSTANRGLPPRTQESRPSDLGKNAGDTLPQEDLPLTKPEMFENPLYGSLSSFPKPAPRKDQESPKMPRKEPPPCPEPGILSPSIVLTKAQEADRGEGPGKQVPAPRLRSFTCSSSAEGRAAGGDKSQGKPKTPVSSQAPVPAKRPIKPSRSEINQQTPPTPTPRPPLPVKSPAVLHLQHSKGRDYRDNTELPHHGKHRPEEGPPGPLGRTAMQ,2YSX;5RW2;5RW3;5RW4;5RW5;5RW6;5RW7;5RW8;5RW9;5RWA;5RWB;5RWC;5RWD;5RWE;5RWF;5RWG;5RWH;5RWI;5RWJ;5RWK;5RWL;5RWM;5RWN;5RWO;5RWP;5RWQ;5RWR;5RWS;5RWT;5RWU;5RWV;5RWW;5RWX;5RWY;5RWZ;5RX0;5RX1;5RX2;5RX3;5RX4;5RX5;5RX6;5RX7;5RX8;5RX9;5RXA;5RXB;5RXC;5RXD;5RXE;5RXF;5RXG;5RXH;5RXI;5RXJ;5RXK;5RXL;5RXM;5RXO;5RXP;5RXQ;5RXR;5RXS;5RXT;5RXU;5RXV;5RXW;5RXX;5RXY;5RXZ;5RY0;5RY1;5RY2;5RY3;5RY4;5RY5;5RY6;5RY7;5RY8;5RY9;5RYA;5RYB;5RYC;5RYD;5RYE;5RYF;5RYG;5RYH;5RYI;5RYJ;5RYK;5RYL;6IBD;6XY7;8PDG;8PDH;8PDI;8PDJ,SH2,SH2:IPR000980:3:101;IPPc:IPR000300:402:718,SH2|IPPc
Q96IW2,SHD,Homo sapiens,SH2:240:335,MAKWLRDYLSFGGRRPPPQPPTPDYTESDILRAYRAQKNLDFEDPYEDAESRLEPDPAGPGDSKNPGDAKYGSPKHRLIKVEAADMARAKALLGGPGEELEADTEYLDPFDAQPHPAPPDDGYMEPYDAQWVMSELPGRGVQLYDTPYEEQDPETADGPPSGQKPRQSRMPQEDERPADEYDQPWEWKKDHISRAFAVQFDSPEWERTPGSAKELRRPPPRSPQPAERVDPALPLEKQPWFHGPLNRADAESLLSLCKEGSYLVRLSETNPQDCSLSLRSSQGFLHLKFARTRENQVVLGQHSGPFPSVPELVLHYSSRPLPVQGAEHLALLYPVVTQTP,,SH2,SH2:IPR000980:238:335,SH2
Q96JZ2,HSH2D,Homo sapiens,SH2:34:125,MTEAGKLPLPLPPRLDWFVHTQMGQLAQDGVPEWFHGAISREDAENLLESQPLGSFLIRVSHSHVGYTLSYKAQSSCCHFMVKLLDDGTFMIPGEKVAHTSLDALVTFHQQKPIEPRRELLTQPCRQKDPANVDYEDLFLYSNAVAEEAACPVSAPEEASPKPVLCHQSKERKPSAEMNRITTKEATSSCPPKSPLGETRQKLWRSLKMLPERGQRVRQQLKSHLATVNLSSLLDVRRSTVISGPGTGKGSQDHSGDPTSGDRGYTDPCVATSLKSPSQPQAPKDRKVPTRKAERSVSCIEVTPGDRSWHQMVVRALSSQESKPEHQGLAEPENDQLPEEYQQPPPFAPGYC,2CS0,SH2,SH2:IPR000980:32:125,SH2
Q9BRG2,SH2D3A,Homo sapiens,SH2:15:114,MQVPQDGEDLAGQPWYHGLLSRQKAEALLQQNGDFLVRASGSRGGNPVISCRWRGSALHFEVFRVALRPRPGRPTALFQLEDEQFPSIPALVHSYMTGRRPLSQATGAVVSRPVTWQGPLRRSFSEDTLMDGPARIEPLRARKWSNSQPADLAHMGRSREDPAGMEASTMPISALPRTSSDPVLLKAPAPLGTVADSLRASDGQLQAKAPTKPPRTPSFELPDASERPPTYCELVPRVPSVQGTSPSQSCPEPEAPWWEAEEDEEEENRCFTRPQAEISFCPHDAPSCLLGPQNRPLEPQVLHTLRGLFLEHHPGSTALHLLLVDCQATGLLGVTRDQRGNMGVSSGLELLTLPHGHHLRLELLERHQTLALAGALAVLGCSGPLEERAAALRGLVELALALRPGAAGDLPGLAAVMGALLMPQVSRLEHTWRQLRRSHTEAALAFEQELKPLMRALDEGAGPCDPGEVALPHVAPMVRLLEGEEVAGPLDESCERLLRTLHGARHMVRDAPKFRKVAAQRLRGFRPNPELREALTTGFVRRLLWGSRGAGAPRAERFEKFQRVLGVLSQRLEPDR,,SH2,SH2:IPR000980:13:114;RASGEF_cat_dom:IPR001895:309:576,SH2|RASGEF_cat_dom
Q9H3Y6,SRMS,Homo sapiens,SH3:51:112;SH2:120:212;Protein kinase:230:488,MEPFLRRRLAFLSFFWDKIWPAGGEPDHGTPGSLDPNTDPVPTLPAEPCSPFPQLFLALYDFTARCGGELSVRRGDRLCALEEGGGYIFARRLSGQPSAGLVPITHVAKASPETLSDQPWYFSGVSRTQAQQLLLSPPNEPGAFLIRPSESSLGGYSLSVRAQAKVCHYRVSMAADGSLYLQKGRLFPGLEELLTYYKANWKLIQNPLLQPCMPQKAPRQDVWERPHSEFALGRKLGEGYFGEVWEGLWLGSLPVAIKVIKSANMKLTDLAKEIQTLKGLRHERLIRLHAVCSGGEPVYIVTELMRKGNLQAFLGTPEGRALRLPPLLGFACQVAEGMSYLEEQRVVHRDLAARNVLVDDGLACKVADFGLARLLKDDIYSPSSSSKIPVKWTAPEAANYRVFSQKSDVWSFGVLLHEVFTYGQCPYEGMTNHETLQQIMRGYRLPRPAACPAEVYVLMLECWRSSPEERPSFATLREKLHAIHRCHP,,SH3|SH2|Protein kinase,SH3_domain:IPR001452:51:112;SH2:IPR000980:118:212;Prot_kinase_dom:IPR000719:230:488,SH3_domain|SH2|Prot_kinase_dom
Q9H6Q3,SLA2,Homo sapiens,SH3:32:92;SH2:94:191,MGSLPSRRKSLPSPSLSSSVQGQGPVTMEAERSKATAVALGSFPAGGPAELSLRLGEPLTIVSEDGDWWTVLSEVSGREYNIPSVHVAKVSHGWLYEGLSREKAEELLLLPGNPGGAFLIRESQTRRGSYSLSVRLSRPASWDRIRHYRIHCLDNGWLYISPRLTFPSLQALVDHYSELADDICCLLKEPCVLQRAGPLPGKDIPLPVTVQRTPLNWKELDSSLLFSEAATGEESLLSEGLRESLSFYISLNDEAVSLDDA,4M4Z,SH3|SH2,SH3_domain:IPR001452:32:92;SH2:IPR000980:92:191,SH3_domain|SH2
Q9H788,SH2D4A,Homo sapiens,SH2:347:440,MLKQILSEMYIDPDLLAELSEEQKQILFFKMREEQIRRWKEREAAMERKESLPVKPRPKKENGKSVHWKLGADKEVWVWVMGEHHLDKPYDVLCNEIIAERARLKAEQEAEEPRKTHSEEFTNSLKTKSQYHDLQAPDNQQTKDIWKKVAEKEELEQGSRPAPTLEEEKIRSLSSSSRNIQQMLADSINRMKAYAFHQKKESMKKKQDEEINQIEEERTKQICKSWKEDSEWQASLRKSKAADEKRRSLAKQAREDYKRLSLGAQKGRGGERLQSPLRVPQKPERPPLPPKPQFLNSGAYPQKPLRNQGVVRTLSSSAQEDIIRWFKEEQLPLRAGYQKTSDTIAPWFHGILTLKKANELLLSTGMPGSFLIRVSERIKGYALSYLSEDGCKHFLIDASADAYSFLGVDQLQHATLADLVEYHKEEPITSLGKELLLYPCGQQDQLPDYLELFE,,SH2,SH2:IPR000980:345:440,SH2
Q9HBL0,TNS1,Homo sapiens,Phosphatase tensin-type:129:301;C2 tensin-type:306:432;SH2:1567:1676;PTB:1702:1837,MTWICLSCMLWPEDLEAPKTHRFKVKTFKKVKPCGICRQVITQEGCTCKVCSFSCHRKCQAKVAAPCVPPSNHELVPITTENAPKNVVDKGEGASRGGNTRKSLEDNGSTRVTPSVQPHLQPIRNMSVSRTMEDSCELDLVYVTERIIAVSFPSTANEENFRSNLREVAQMLKSKHGGNYLLFNLSERRPDITKLHAKVLEFGWPDLHTPALEKICSICKAMDTWLNADPHNVVVLHNKGNRGRIGVVIAAYMHYSNISASADQALDRFAMKRFYEDKIVPIGQPSQRRYVHYFSGLLSGSIKMNNKPLFLHHVIMHGIPNFESKGGCRPFLRIYQAMQPVYTSGIYNIPGDSQTSVCITIEPGLLLKGDILLKCYHKKFRSPARDVIFRVQFHTCAIHDLGVVFGKEDLDDAFKDDRFPEYGKVEFVFSYGPEKIQGMEHLENGPSVSVDYNTSDPLIRWDSYDNFSGHRDDGMEEVVGHTQGPLDGSLYAKVKKKDSLHGSTGAVNATRPTLSATPNHVEHTLSVSSDSGNSTASTKTDKTDEPVPGASSATAALSPQEKRELDRLLSGFGLEREKQGAMYHTQHLRSRPAGGSAVPSSGRHVVPAQVHVNGGALASERETDILDDELPNQDGHSAGSMGTLSSLDGVTNTSEGGYPEALSPLTNGLDKSYPMEPMVNGGGYPYESASRAGPAHAGHTAPMRPSYSAQEGLAGYQREGPHPAWPQPVTTSHYAHDPSGMFRSQSFSEAEPQLPPAPVRGGSSREAVQRGLNSWQQQQQQQQQPRPPPRQQERAHLESLVASRPSPQPLAETPIPSLPEFPRAASQQEIEQSIETLNMLMLDLEPASAAAPLHKSQSVPGAWPGASPLSSQPLSGSSRQSHPLTQSRSGYIPSGHSLGTPEPAPRASLESVPPGRSYSPYDYQPCLAGPNQDFHSKSPASSSLPAFLPTTHSPPGPQQPPASLPGLTAQPLLSPKEATSDPSRTPEEEPLNLEGLVAHRVAGVQAREKQPAEPPAPLRRRAASDGQYENQSPEATSPRSPGVRSPVQCVSPELALTIALNPGGRPKEPHLHSYKEAFEEMEGTSPSSPPPSGVRSPPGLAKTPLSALGLKPHNPADILLHPTGEPRSYVESVARTAVAGPRAQDSEPKSFSAPATQAYGHEIPLRNGTLGGSFVSPSPLSTSSPILSADSTSVGSFPSGESSDQGPRTPTQPLLESGFRSGSLGQPSPSAQRNYQSSSPLPTVGSSYSSPDYSLQHFSSSPESQARAQFSVAGVHTVPGSPQARHRTVGTNTPPSPGFGWRAINPSMAAPSSPSLSHHQMMGPPGTGFHGSTVSSPQSSAATTPGSPSLCRHPAGVYQVSGLHNKVATTPGSPSLGRHPGAHQGNLASGLHSNAIASPGSPSLGRHLGGSGSVVPGSPCLDRHVAYGGYSTPEDRRPTLSRQSSASGYQAPSTPSFPVSPAYYPGLSSPATSPSPDSAAFRQGSPTPALPEKRRMSVGDRAGSLPNYATINGKVSSPVASGMSSPSGGSTVSFSHTLPDFSKYSMPDNSPETRAKVKFVQDTSKYWYKPEISREQAIALLKDQEPGAFIIRDSHSFRGAYGLAMKVSSPPPTIMQQNKKGDMTHELVRHFLIETGPRGVKLKGCPNEPNFGSLSALVYQHSIIPLALPCKLVIPNRDPTDESKDSSGPANSTADLLKQGAACNVLFVNSVDMESLTGPQAISKATSETLAADPTPAATIVHFKVSAQGITLTDNQRKLFFRRHYPLNTVTFCDLDPQERKWMKTEGGAPAKLFGFVARKQGSTTDNACHLFAELDPNQPASAIVNFVSKVMLNAGQKR,,Phosphatase tensin-type|C2 tensin-type|SH2|PTB,PE/DAG-bd:IPR002219:20:67;Tyr_Pase_cat:IPR003595:195:317;Tensin_C2-dom:IPR014020:304:432;SH2:IPR000980:1565:1676;PTB/PI_dom:IPR006020:1698:1839,PE/DAG-bd|Tyr_Pase_cat|Tensin_C2-dom|SH2|PTB/PI_dom
Q9NP31,SH2D2A,Homo sapiens,SH2:95:186,MEFPLAQICPQGSHEAPIPTFSTFQITDMTRRSCQNLGYTAASPQAPEAASNTGNAERAEEVPGEGSLFLQAETRAWFQKTQAHWLLQHGAAPAWFHGFITRREAERLLEPKPQGCYLVRFSESAVTFVLTYRSRTCCRHFLLAQLRDGRHVVLGEDSAHARLQDLLLHYTAHPLSPYGETLTEPLARQTPEPAGLSLRTEESNFGSKSQDPNPQYSPIIKQGQAPVPMQKEGAGEKEPSQLLRPKPPIPAKPQLPPEVYTIPVPRHRPAPRPKPSNPIYNEPDEPIAFYAMGRGSPGEAPSNIYVEVEDEGLPATLGHPVLRKSWSRPVPGGQNTGGSQLHSENSVIGQGPPLPHQPPPAWRHTLPHNLSRQVLQDRGQAWLPLGPPQ,,SH2,SH2:IPR000980:93:186,SH2
Q9NRF2,SH2B1,Homo sapiens,PH:267:376;SH2:527:625,MNGAPSPEDGASPSSPPLPPPPPPSWREFCESHARAAALDFARRFRLYLASHPQYAGPGAEAAFSRRFAELFLQHFEAEVARASGSLSPPILAPLSPGAEISPHDLSLESCRVGGPLAVLGPSRSSEDLAGPLPSSVSSSSTTSSKPKLKKRFSLRSVGRSVRGSVRGILQWRGTVDPPSSAGPLETSSGPPVLGGNSNSNSSGGAGTVGRGLVSDGTSPGERWTHRFERLRLSRGGGALKDGAGMVQREELLSFMGAEEAAPDPAGVGRGGGVAGPPSGGGGQPQWQKCRLLLRSEGEGGGGSRLEFFVPPKASRPRLSIPCSSITDVRTTTALEMPDRENTFVVKVEGPSEYIMETVDAQHVKAWVSDIQECLSPGPCPATSPRPMTLPLAPGTSFLTRENTDSLELSCLNHSESLPSQDLLLGPSESNDRLSQGAYGGLSDRPSASISPSSASIAASHFDSMELLPPELPPRIPIEEGPPTGTVHPLSAPYPPLDTPETATGSFLFQGEPEGGEGDQPLSGYPWFHGMLSRLKAAQLVLTGGTGSHGVFLVRQSETRRGEYVLTFNFQGKAKHLRLSLNEEGQCRVQHLWFQSIFDMLEHFRVHPIPLESGGSSDVVLVSYVPSSQRQQEPTTSHDPPQPPEPPSWTDPPQPGAEEASRAPEVAAAAAAAAKERQEKEKAGGGGVPEELVPVVELVPVVELEEAIAPGSEAQGAGSGGDAGVPPMVQLQQSPLGGDGEEGGHPRAINNQYSFV,5W3R,PH|SH2,Phe_ZIP:IPR015012:25:80;PH_domain:IPR001849:247:378;SH2:IPR000980:525:625,Phe_ZIP|PH_domain|SH2
Q9NSE2,CISH,Homo sapiens,SH2:82:163;SOCS box:209:257,MVLCVQGPRPLLAVERTGQRPLWAPSLELPKPVMQPLPAGAFLEEVAEGTPAQTESEPKVLDPEEDLLCIAKTFSYLRESGWYWGSITASEARQHLQKMPEGTFLVRDSTHPSYLFTLSVKTTRGPTNVRIEYADSSFRLDSNCLSRPRILAFPDVVSLVQHYVASCTADTRSDSPDPAPTPALPMPKEDAPSDPALPAPPPATAVHLKLVQPFVRRSSARSLQHLCRLVINRLVADVDCLPLPRRMADYLRQYPFQL,,SH2|SOCS box,SH2:IPR000980:80:188;SOCS_box:IPR001496:209:257,SH2|SOCS_box
Q9UGK3,STAP2,Homo sapiens,PH:18:130;SH2:133:248,MASALRPPRVPKPKGVLPSHYYESFLEKKGPCDRDYKKFWAGLQGLTIYFYNSNRDFQHVEKLNLGAFEKLTDEIPWGSSRDPGTHFSLILRDQEIKFKVETLECREMWKGFILTVVELRVPTDLTLLPGHLYMMSEVLAKEEARRALETPSCFLKVSRLEAQLLLERYPECGNLLLRPSGDGADGVSVTTRQMHNGTHVVRHYKVKREGPKYVIDVEQPFSCTSLDAVVNYFVSHTKKALVPFLLDEDYEKVLGYVEADKENGENVWVAPSAPGPGPAPCTGGPKPLSPASSQDKLPPLPPLPNQEENYVTPIGDGPAVDYENQDVASSSWPVILKPKKLPKPPAKLPKPPVGPKPEPKVFNGGLGRKLPVSSAQPLFPTAGLADMTAELQKKLEKRRALEH,2EL8,PH|SH2,SH2:IPR000980:133:233,SH2
Q9UKW4,VAV3,Homo sapiens,Calponin-homology (CH):1:119;DH:192:371;PH:400:502;SH3 1:592:660;SH2:672:766;SH3 2:788:847,MEPWKQCAQWLIHCKVLPTNHRVTWDSAQVFDLAQTLRDGVLLCQLLNNLRAHSINLKEINLRPQMSQFLCLKNIRTFLTACCETFGMRKSELFEAFDLFDVRDFGKVIETLSRLSRTPIALATGIRPFPTEESINDEDIYKGLPDLIDETLVEDEEDLYDCVYGEDEGGEVYEDLMKAEEAHQPKCPENDIRSCCLAEIKQTEEKYTETLESIEKYFMAPLKRFLTAAEFDSVFINIPELVKLHRNLMQEIHDSIVNKNDQNLYQVFINYKERLVIYGQYCSGVESAISSLDYISKTKEDVKLKLEECSKRANNGKFTLRDLLVVPMQRVLKYHLLLQELVKHTTDPTEKANLKLALDAMKDLAQYVNEVKRDNETLREIKQFQLSIENLNQPVLLFGRPQGDGEIRITTLDKHTKQERHIFLFDLAVIVCKRKGDNYEMKEIIDLQQYKIANNPTTDKENKKWSYGFYLIHTQGQNGLEFYCKTKDLKKKWLEQFEMALSNIRPDYADSNFHDFKMHTFTRVTSCKVCQMLLRGTFYQGYLCFKCGARAHKECLGRVDNCGRVNSGEQGTLKLPEKRTNGLRRTPKQVDPGLPKMQVIRNYSGTPPPALHEGPPLQLQAGDTVELLKGDAHSLFWQGRNLASGEVGFFPSDAVKPCPCVPKPVDYSCQPWYAGAMERLQAETELINRVNSTYLVRHRTKESGEYAISIKYNNEAKHIKILTRDGFFHIAENRKFKSLMELVEYYKHHSLKEGFRTLDTTLQFPYKEPEHSAGQRGNRAGNSLLSPKVLGIAIARYDFCARDMRELSLLKGDVVKIYTKMSANGWWRGEVNGRVGWFPSTYVEEDE,2D86,Calponin-homology (CH)|DH|PH|SH3 1|SH2|SH3 2,CH_dom:IPR001715:1:119;DH-domain:IPR000219:192:371;PH_domain:IPR001849:400:504;PE/DAG-bd:IPR002219:513:563;SH3_domain:IPR001452:592:660;SH2:IPR000980:670:766;SH3_domain:IPR001452:788:847,CH_dom|DH-domain|PH_domain|PE/DAG-bd|SH3_domain|SH2|SH3_domain
Q9ULZ2,STAP1,Homo sapiens,PH:25:121;SH2:177:280,MMAKKPPKPAPRRIFQERLKITALPLYFEGFLLIKRSGYREYEHYWTELRGTTLFFYTDKKSIIYVDKLDIVDLTCLTEQNSTEKNCAKFTLVLPKEEVQLKTENTESGEEWRGFILTVTELSVPQNVSLLPGQVIKLHEVLEREKKRRIETEQSTSVEKEKEPTEDYVDVLNPMPACFYTVSRKEATEMLQKNPSLGNMILRPGSDSRNYSITIRQEIDIPRIKHYKVMSVGQNYTIELEKPVTLPNLFSVIDYFVKETRGNLRPFICSTDENTGQEPSMEGRSEKLKKNPHIA,1X1F;3MAZ,PH|SH2,PH_domain:IPR001849:25:123;SH2:IPR000980:175:280,PH_domain|SH2
Q9UN19,DAPP1,Homo sapiens,SH2:35:129;PH:164:259,MGRAELLEGKMSTQDPSDLWSRSDGEAELLQDLGWYHGNLTRHAAEALLLSNGCDGSYLLRDSNETTGLYSLSVRAKDSVKHFHVEYTGYSFKFGFNEFSSLKDFVKHFANQPLIGSETGTLMVLKHPYPRKVEEPSIYESVRVHTAMQTGRTEDDLVPTAPSLGTKEGYLTKQGGLVKTWKTRWFTLHRNELKYFKDQMSPEPIRILDLTECSAVQFDYSQERVNCFCLVFPFRTFYLCAKTGVEADEWIKILRWKLSQIRKQLNQGEGTIRSRSFIFK,1FAO;1FB8,SH2|PH,SH2:IPR000980:33:129;PH_domain:IPR001849:164:261,SH2|PH_domain
Q9UQQ2,SH2B3,Homo sapiens,PH:194:307;SH2:364:462,MNGPALQPSSPSSAPSASPAAAPRGWSEFCELHAVAAARELARQYWLFAREHPQHAPLRAELVSLQFTDLFQRYFCREVRDGRAPGRDYRDTGRGPPAKAEASPEPGPGPAAPGLPKARSSEELAPPRPPGPCSFQHFRRSLRHIFRRRSAGELPAAHTAAAPGTPGEAAETPARPGLAKKFLPWSLAREPPPEALKEAVLRYSLADEASMDSGARWQRGRLALRRAPGPDGPDRVLELFDPPKSSRPKLQAACSSIQEVRWCTRLEMPDNLYTFVLKVKDRTDIIFEVGDEQQLNSWMAELSECTGRGLESTEAEMHIPSALEPSTSSSPRGSTDSLNQGASPGGLLDPACQKTDHFLSCYPWFHGPISRVKAAQLVQLQGPDAHGVFLVRQSETRRGEYVLTFNFQGIAKHLRLSLTERGQCRVQHLHFPSVVDMLHHFQRSPIPLECGAACDVRLSSYVVVVSQPPGSCNTVLFPFSLPHWDSESLPHWGSELGLPHLSSSGCPRGLSPEGLPGRSSPPEQIFHLVPSPEELANSLQHLEHEPVNRARDSDYEMDSSSRSHLRAIDNQYTPL,,PH|SH2,Phe_ZIP:IPR015012:25:80;PH_domain:IPR001849:195:309;SH2:IPR000980:362:462,Phe_ZIP|PH_domain|SH2
